,run_id,experiment_id,status,artifact_uri,start_time,end_time,metrics.train_f1_curr,metrics.train_f1_max,metrics.val_recall_curr,metrics.train_accuracy_curr,metrics.val_recall_max,metrics.calc_time,metrics.val_accuracy_max,metrics.val_precision_curr,metrics.val_f1_curr,metrics.train_precision_max,metrics.val_precision_max,metrics.val_accuracy_curr,metrics.train_accuracy_max,metrics.train_precision_curr,metrics.loss,metrics.train_recall_max,metrics.val_f1_max,metrics.train_recall_curr,params.nob,params.max_top_words,params.unit,params.epoch,params.model,params.max_opinion_length,tags.mlflow.source.type,tags.mlflow.runName,tags.mlflow.user,tags.mlflow.source.name
0,b8fdb9c586d04ca399b2cab22de9dcf0,1,FINISHED,file:///home/jovyan/nlp2/shared-mlruns/team-three/mariusz/1/b8fdb9c586d04ca399b2cab22de9dcf0/artifacts,2021-10-09 19:04:53.705000+00:00,2021-10-09 19:07:39.820000+00:00,0.5704941749572754,0.5704941749572754,0.43313905596733093,0.612884521484375,0.43313905596733093,164.54168367385864,0.5808695554733276,0.6386939883232117,0.5161638855934143,0.70295649766922,0.717836320400238,0.573913037776947,0.612884521484375,0.612884521484375,0.8873029947280884,0.4804573655128479,0.5161638855934143,0.4804573655128479,2,300,64,10,"Embedding (max_top_words=300, max_opinion_length=10, embedding_vector_lengths=500, units=64, epochs=10, nobs=2)",10,LOCAL,"Embedding (max_top_words=300, max_opinion_length=10, embedding_vector_lengths=500, units=64, epochs=10, nobs=2)",jovyan,/opt/conda/lib/python3.8/site-packages/ipykernel_launcher.py
1,90829512bb4249ca84e4768adffbed89,1,FINISHED,file:///home/jovyan/nlp2/shared-mlruns/team-three/mariusz/1/90829512bb4249ca84e4768adffbed89/artifacts,2021-10-09 19:02:42.324000+00:00,2021-10-09 19:04:52.672000+00:00,0.5765811204910278,0.57769775390625,0.43444111943244934,0.6186883449554443,0.4345238208770752,128.77181816101074,0.582608699798584,0.6535500288009644,0.5217951536178589,0.7014551162719727,0.6781332492828369,0.5704348087310791,0.6208164095878601,0.6186883449554443,0.8956882357597351,0.49159908294677734,0.52525395154953,0.491534560918808,2,300,32,10,"Embedding (max_top_words=300, max_opinion_length=10, embedding_vector_lengths=500, units=32, epochs=10, nobs=2)",10,LOCAL,"Embedding (max_top_words=300, max_opinion_length=10, embedding_vector_lengths=500, units=32, epochs=10, nobs=2)",jovyan,/opt/conda/lib/python3.8/site-packages/ipykernel_launcher.py
2,80b148c870ee4edd9dc7147e131e8f2e,1,FINISHED,file:///home/jovyan/nlp2/shared-mlruns/team-three/mariusz/1/80b148c870ee4edd9dc7147e131e8f2e/artifacts,2021-10-09 19:00:06.381000+00:00,2021-10-09 19:02:41.345000+00:00,0.56154465675354,0.56154465675354,0.41100361943244934,0.6065002679824829,0.41222307085990906,153.43936324119568,0.5791304111480713,0.6559072136878967,0.505255937576294,0.6997383832931519,0.733116626739502,0.5721738934516907,0.6144322156906128,0.6065002679824829,0.9067612290382385,0.47688138484954834,0.5149715542793274,0.47688138484954834,2,300,64,10,"Embedding (max_top_words=300, max_opinion_length=10, embedding_vector_lengths=400, units=64, epochs=10, nobs=2)",10,LOCAL,"Embedding (max_top_words=300, max_opinion_length=10, embedding_vector_lengths=400, units=64, epochs=10, nobs=2)",jovyan,/opt/conda/lib/python3.8/site-packages/ipykernel_launcher.py
3,45278dd2da384922b533d73d34ff3698,1,FINISHED,file:///home/jovyan/nlp2/shared-mlruns/team-three/mariusz/1/45278dd2da384922b533d73d34ff3698/artifacts,2021-10-09 18:58:02.281000+00:00,2021-10-09 19:00:05.335000+00:00,0.5658262968063354,0.5658262968063354,0.40961888432502747,0.6150125861167908,0.41352513432502747,121.473623752594,0.5791304111480713,0.6485679149627686,0.5018666386604309,0.7007006406784058,0.7400391101837158,0.5704348087310791,0.6150125861167908,0.6150125861167908,0.9007761478424072,0.47967156767845154,0.5058159828186035,0.47967156767845154,2,300,32,10,"Embedding (max_top_words=300, max_opinion_length=10, embedding_vector_lengths=400, units=32, epochs=10, nobs=2)",10,LOCAL,"Embedding (max_top_words=300, max_opinion_length=10, embedding_vector_lengths=400, units=32, epochs=10, nobs=2)",jovyan,/opt/conda/lib/python3.8/site-packages/ipykernel_launcher.py
4,b865d56544a14a71be5f9037ac9213b6,1,FINISHED,file:///home/jovyan/nlp2/shared-mlruns/team-three/mariusz/1/b865d56544a14a71be5f9037ac9213b6/artifacts,2021-10-09 18:56:20.324000+00:00,2021-10-09 18:58:01.267000+00:00,0.5804902911186218,0.5804902911186218,0.42532655596733093,0.6246856451034546,0.42532655596733093,99.75175976753235,0.5860869288444519,0.6485475301742554,0.5137328505516052,0.7104247808456421,0.7459090352058411,0.5791304111480713,0.6246856451034546,0.6246856451034546,0.8750940561294556,0.49110180139541626,0.5137328505516052,0.49110180139541626,1,300,64,10,"Embedding (max_top_words=300, max_opinion_length=10, embedding_vector_lengths=500, units=64, epochs=10, nobs=1)",10,LOCAL,"Embedding (max_top_words=300, max_opinion_length=10, embedding_vector_lengths=500, units=64, epochs=10, nobs=1)",jovyan,/opt/conda/lib/python3.8/site-packages/ipykernel_launcher.py
5,1a6965e6ee1742ec85b1ebbf3644d69f,1,FINISHED,file:///home/jovyan/nlp2/shared-mlruns/team-three/mariusz/1/1a6965e6ee1742ec85b1ebbf3644d69f/artifacts,2021-10-09 18:54:55.779000+00:00,2021-10-09 18:56:19.312000+00:00,0.5675356984138489,0.56806480884552,0.41222307085990906,0.622750997543335,0.41222307085990906,82.41329765319824,0.5791304111480713,0.6612051129341125,0.5076087117195129,0.7141055464744568,0.7335165143013,0.5686956644058228,0.622750997543335,0.622750997543335,0.8800739049911499,0.4770256280899048,0.5094051957130432,0.4770256280899048,1,300,32,10,"Embedding (max_top_words=300, max_opinion_length=10, embedding_vector_lengths=500, units=32, epochs=10, nobs=1)",10,LOCAL,"Embedding (max_top_words=300, max_opinion_length=10, embedding_vector_lengths=500, units=32, epochs=10, nobs=1)",jovyan,/opt/conda/lib/python3.8/site-packages/ipykernel_launcher.py
6,eac7b1669742470793b79e2248adc828,1,FINISHED,file:///home/jovyan/nlp2/shared-mlruns/team-three/mariusz/1/eac7b1669742470793b79e2248adc828/artifacts,2021-10-09 18:53:22.717000+00:00,2021-10-09 18:54:54.748000+00:00,0.5668391585350037,0.5717824101448059,0.401723712682724,0.6117237210273743,0.401723712682724,90.8418881893158,0.5843478441238403,0.6437845826148987,0.4945247173309326,0.7071186900138855,0.7545787692070007,0.582608699798584,0.6204294562339783,0.6117237210273743,0.8819296360015869,0.48267051577568054,0.4965503513813019,0.4783087372779846,1,300,64,10,"Embedding (max_top_words=300, max_opinion_length=10, embedding_vector_lengths=400, units=64, epochs=10, nobs=1)",10,LOCAL,"Embedding (max_top_words=300, max_opinion_length=10, embedding_vector_lengths=400, units=64, epochs=10, nobs=1)",jovyan,/opt/conda/lib/python3.8/site-packages/ipykernel_launcher.py
7,32a503fc8fe745e39fceb4cc46746605,1,FINISHED,file:///home/jovyan/nlp2/shared-mlruns/team-three/mariusz/1/32a503fc8fe745e39fceb4cc46746605/artifacts,2021-10-09 18:52:05.603000+00:00,2021-10-09 18:53:21.656000+00:00,0.5695904493331909,0.5743786096572876,0.401723712682724,0.621009886264801,0.401723712682724,74.90096282958984,0.5791304111480713,0.6490444540977478,0.49610447883605957,0.7120670676231384,0.8045584559440613,0.5721738934516907,0.621009886264801,0.621009886264801,0.8875782489776611,0.48219600319862366,0.4977491796016693,0.4797132909297943,1,300,32,10,"Embedding (max_top_words=300, max_opinion_length=10, embedding_vector_lengths=400, units=32, epochs=10, nobs=1)",10,LOCAL,"Embedding (max_top_words=300, max_opinion_length=10, embedding_vector_lengths=400, units=32, epochs=10, nobs=1)",jovyan,/opt/conda/lib/python3.8/site-packages/ipykernel_launcher.py
8,0882c958a40a472c9fc22438efa4c72a,1,FINISHED,file:///home/jovyan/nlp2/shared-mlruns/team-three/mariusz/1/0882c958a40a472c9fc22438efa4c72a/artifacts,2021-10-09 18:50:52.082000+00:00,2021-10-09 18:52:04.613000+00:00,0.6062210202217102,0.6097552180290222,0.44502314925193787,0.6372606158256531,0.44502314925193787,71.60538625717163,0.5773913264274597,0.6240109205245972,0.5194929242134094,0.7300440073013306,0.7808263897895813,0.5773913264274597,0.6488682627677917,0.6372606158256531,0.8350663781166077,0.526671826839447,0.5194929242134094,0.526671826839447,0,300,64,10,"Embedding (max_top_words=300, max_opinion_length=10, embedding_vector_lengths=500, units=64, epochs=10, nobs=0)",10,LOCAL,"Embedding (max_top_words=300, max_opinion_length=10, embedding_vector_lengths=500, units=64, epochs=10, nobs=0)",jovyan,/opt/conda/lib/python3.8/site-packages/ipykernel_launcher.py
9,cf55a0d01bfd4d44b29995abe4218034,1,FINISHED,file:///home/jovyan/nlp2/shared-mlruns/team-three/mariusz/1/cf55a0d01bfd4d44b29995abe4218034/artifacts,2021-10-09 18:50:04.679000+00:00,2021-10-09 18:50:51.091000+00:00,0.6079989671707153,0.6079989671707153,0.41612932085990906,0.6417102217674255,0.41612932085990906,45.523364782333374,0.573913037776947,0.6383135914802551,0.503773033618927,0.7195194959640503,0.7959235310554504,0.5704348087310791,0.6417102217674255,0.6417102217674255,0.8374280333518982,0.5293595194816589,0.503773033618927,0.5293595194816589,0,300,32,10,"Embedding (max_top_words=300, max_opinion_length=10, embedding_vector_lengths=500, units=32, epochs=10, nobs=0)",10,LOCAL,"Embedding (max_top_words=300, max_opinion_length=10, embedding_vector_lengths=500, units=32, epochs=10, nobs=0)",jovyan,/opt/conda/lib/python3.8/site-packages/ipykernel_launcher.py
10,785469cd6b5f46cb96ce8c52b990e46a,1,FINISHED,file:///home/jovyan/nlp2/shared-mlruns/team-three/mariusz/1/785469cd6b5f46cb96ce8c52b990e46a/artifacts,2021-10-09 18:49:09.011000+00:00,2021-10-09 18:50:03.651000+00:00,0.597970724105835,0.597970724105835,0.42272236943244934,0.63861483335495,0.42532655596733093,53.709821701049805,0.5808695554733276,0.6298332810401917,0.5058382153511047,0.7192631363868713,0.760780394077301,0.5669565200805664,0.6397755742073059,0.63861483335495,0.847934365272522,0.5173295140266418,0.5126523971557617,0.5173295140266418,0,300,64,10,"Embedding (max_top_words=300, max_opinion_length=10, embedding_vector_lengths=400, units=64, epochs=10, nobs=0)",10,LOCAL,"Embedding (max_top_words=300, max_opinion_length=10, embedding_vector_lengths=400, units=64, epochs=10, nobs=0)",jovyan,/opt/conda/lib/python3.8/site-packages/ipykernel_launcher.py
11,a4389aa594474e7e88e5a8a1f30110cb,1,FINISHED,file:///home/jovyan/nlp2/shared-mlruns/team-three/mariusz/1/a4389aa594474e7e88e5a8a1f30110cb/artifacts,2021-10-09 18:48:23.909000+00:00,2021-10-09 18:49:07.996000+00:00,0.5899932980537415,0.5988175868988037,0.41621196269989014,0.6401625275611877,0.41621196269989014,43.17920541763306,0.5860869288444519,0.6297856569290161,0.5011726021766663,0.7166934609413147,0.6689124703407288,0.573913037776947,0.6424840688705444,0.6401625275611877,0.8542863726615906,0.514789879322052,0.5011726021766663,0.5074708461761475,0,300,32,10,"Embedding (max_top_words=300, max_opinion_length=10, embedding_vector_lengths=400, units=32, epochs=10, nobs=0)",10,LOCAL,"Embedding (max_top_words=300, max_opinion_length=10, embedding_vector_lengths=400, units=32, epochs=10, nobs=0)",jovyan,/opt/conda/lib/python3.8/site-packages/ipykernel_launcher.py
12,77650f80c0474ec4b683691e54abaf34,1,FINISHED,file:///home/jovyan/nlp2/shared-mlruns/team-three/mariusz/1/77650f80c0474ec4b683691e54abaf34/artifacts,2021-10-09 18:39:22.631000+00:00,2021-10-09 18:48:22.825000+00:00,0.7171141505241394,0.7171141505241394,0.6874793171882629,0.7250918745994568,0.6939897537231445,538.6453387737274,0.7321739196777344,0.7976946830749512,0.7384581565856934,0.7715165019035339,0.8108450770378113,0.7321739196777344,0.7258657217025757,0.7250918745994568,0.6654184460639954,0.6701743006706238,0.7405366897583008,0.6701743006706238,2,300,64,10,"Embedding (max_top_words=300, max_opinion_length=40, embedding_vector_lengths=500, units=64, epochs=10, nobs=2)",40,LOCAL,"Embedding (max_top_words=300, max_opinion_length=40, embedding_vector_lengths=500, units=64, epochs=10, nobs=2)",jovyan,/opt/conda/lib/python3.8/site-packages/ipykernel_launcher.py
13,24097785ef33467dbaf779e4b1ab7470,1,FINISHED,file:///home/jovyan/nlp2/shared-mlruns/team-three/mariusz/1/24097785ef33467dbaf779e4b1ab7470/artifacts,2021-10-09 18:32:48.733000+00:00,2021-10-09 18:39:21.632000+00:00,0.719903826713562,0.719903826713562,0.6991980671882629,0.7299284338951111,0.7083953022956848,391.4305348396301,0.7565217614173889,0.8053377270698547,0.7484908699989319,0.7777806520462036,0.8697221875190735,0.7460869550704956,0.7299284338951111,0.7299284338951111,0.6653584837913513,0.672508955001831,0.7561578750610352,0.672508955001831,2,300,32,10,"Embedding (max_top_words=300, max_opinion_length=40, embedding_vector_lengths=500, units=32, epochs=10, nobs=2)",40,LOCAL,"Embedding (max_top_words=300, max_opinion_length=40, embedding_vector_lengths=500, units=32, epochs=10, nobs=2)",jovyan,/opt/conda/lib/python3.8/site-packages/ipykernel_launcher.py
14,a5ff22e51b9a4fa9b3d9cc84ba2fbc4b,1,FINISHED,file:///home/jovyan/nlp2/shared-mlruns/team-three/mariusz/1/a5ff22e51b9a4fa9b3d9cc84ba2fbc4b/artifacts,2021-10-09 18:24:43.726000+00:00,2021-10-09 18:32:47.703000+00:00,0.7164374589920044,0.7164374589920044,0.6900835037231445,0.7239311337471008,0.6900835037231445,482.4159870147705,0.747826099395752,0.80926114320755,0.7448169589042664,0.7709828615188599,0.912630558013916,0.739130437374115,0.7239311337471008,0.7239311337471008,0.6773478388786316,0.6705463528633118,0.7476992607116699,0.6705463528633118,2,300,64,10,"Embedding (max_top_words=300, max_opinion_length=40, embedding_vector_lengths=400, units=64, epochs=10, nobs=2)",40,LOCAL,"Embedding (max_top_words=300, max_opinion_length=40, embedding_vector_lengths=400, units=64, epochs=10, nobs=2)",jovyan,/opt/conda/lib/python3.8/site-packages/ipykernel_launcher.py
15,c9d70af6d62b445e9548e017b1109d12,1,FINISHED,file:///home/jovyan/nlp2/shared-mlruns/team-three/mariusz/1/c9d70af6d62b445e9548e017b1109d12/artifacts,2021-10-09 18:18:35.133000+00:00,2021-10-09 18:24:42.713000+00:00,0.7017253041267395,0.7017253041267395,0.6600529551506042,0.7173534631729126,0.6600529551506042,365.941890001297,0.7060869336128235,0.7846119403839111,0.7169241905212402,0.7705454230308533,0.8532794117927551,0.7060869336128235,0.7173534631729126,0.7173534631729126,0.7027351260185242,0.6445046663284302,0.7169241905212402,0.6445046663284302,2,300,32,10,"Embedding (max_top_words=300, max_opinion_length=40, embedding_vector_lengths=400, units=32, epochs=10, nobs=2)",40,LOCAL,"Embedding (max_top_words=300, max_opinion_length=40, embedding_vector_lengths=400, units=32, epochs=10, nobs=2)",jovyan,/opt/conda/lib/python3.8/site-packages/ipykernel_launcher.py
16,cb6ec115bcb2436098e6b3802cf27419,1,FINISHED,file:///home/jovyan/nlp2/shared-mlruns/team-three/mariusz/1/cb6ec115bcb2436098e6b3802cf27419/artifacts,2021-10-09 18:13:21.503000+00:00,2021-10-09 18:18:34.048000+00:00,0.7153295278549194,0.7153295278549194,0.6809689402580261,0.7289611101150513,0.6821883320808411,311.40583848953247,0.739130437374115,0.8183857798576355,0.743281364440918,0.7805784344673157,0.8425934314727783,0.739130437374115,0.7289611101150513,0.7289611101150513,0.6709424257278442,0.6604182124137878,0.743281364440918,0.6604182124137878,1,300,64,10,"Embedding (max_top_words=300, max_opinion_length=40, embedding_vector_lengths=500, units=64, epochs=10, nobs=1)",40,LOCAL,"Embedding (max_top_words=300, max_opinion_length=40, embedding_vector_lengths=500, units=64, epochs=10, nobs=1)",jovyan,/opt/conda/lib/python3.8/site-packages/ipykernel_launcher.py
17,c94597379bac4bddb6a727c5444e2dd0,1,FINISHED,file:///home/jovyan/nlp2/shared-mlruns/team-three/mariusz/1/c94597379bac4bddb6a727c5444e2dd0/artifacts,2021-10-09 18:09:12.944000+00:00,2021-10-09 18:13:20.486000+00:00,0.7086024880409241,0.7086024880409241,0.6874793171882629,0.7218030691146851,0.6874793171882629,246.4298996925354,0.7234782576560974,0.791638195514679,0.7358641624450684,0.7780369520187378,0.8224685788154602,0.7234782576560974,0.7218030691146851,0.7218030691146851,0.6819638013839722,0.6578140258789062,0.7358641624450684,0.6578140258789062,1,300,32,10,"Embedding (max_top_words=300, max_opinion_length=40, embedding_vector_lengths=500, units=32, epochs=10, nobs=1)",40,LOCAL,"Embedding (max_top_words=300, max_opinion_length=40, embedding_vector_lengths=500, units=32, epochs=10, nobs=1)",jovyan,/opt/conda/lib/python3.8/site-packages/ipykernel_launcher.py
18,2df1e2bcb1094c90a2a3505a6ef14934,1,FINISHED,file:///home/jovyan/nlp2/shared-mlruns/team-three/mariusz/1/2df1e2bcb1094c90a2a3505a6ef14934/artifacts,2021-10-09 18:04:26.118000+00:00,2021-10-09 18:09:11.913000+00:00,0.7209365963935852,0.7209365963935852,0.6795842051506042,0.7260591983795166,0.6795842051506042,284.6357500553131,0.7252174019813538,0.7895836234092712,0.7303574681282043,0.7791275978088379,0.8227342963218689,0.7200000286102295,0.7260591983795166,0.7260591983795166,0.6760742664337158,0.6710208654403687,0.7307584285736084,0.6710208654403687,1,300,64,10,"Embedding (max_top_words=300, max_opinion_length=40, embedding_vector_lengths=400, units=64, epochs=10, nobs=1)",40,LOCAL,"Embedding (max_top_words=300, max_opinion_length=40, embedding_vector_lengths=400, units=64, epochs=10, nobs=1)",jovyan,/opt/conda/lib/python3.8/site-packages/ipykernel_launcher.py
19,c0e93902221c44288ba8fc8879924c2c,1,FINISHED,file:///home/jovyan/nlp2/shared-mlruns/team-three/mariusz/1/c0e93902221c44288ba8fc8879924c2c/artifacts,2021-10-09 18:00:21.689000+00:00,2021-10-09 18:04:25.038000+00:00,0.7077590227127075,0.7077590227127075,0.6508556604385376,0.714838445186615,0.659970223903656,242.17781329154968,0.7182608842849731,0.7898757457733154,0.7135834693908691,0.7683941721916199,0.8004339337348938,0.7182608842849731,0.714838445186615,0.714838445186615,0.6911011934280396,0.6605206727981567,0.7234057784080505,0.6605206727981567,1,300,32,10,"Embedding (max_top_words=300, max_opinion_length=40, embedding_vector_lengths=400, units=32, epochs=10, nobs=1)",40,LOCAL,"Embedding (max_top_words=300, max_opinion_length=40, embedding_vector_lengths=400, units=32, epochs=10, nobs=1)",jovyan,/opt/conda/lib/python3.8/site-packages/ipykernel_launcher.py
20,97d1d5c7119946a2ab729176b01d12ce,1,FINISHED,file:///home/jovyan/nlp2/shared-mlruns/team-three/mariusz/1/97d1d5c7119946a2ab729176b01d12ce/artifacts,2021-10-09 17:57:35.941000+00:00,2021-10-09 18:00:20.656000+00:00,0.7132124900817871,0.7132124900817871,0.5971395373344421,0.7210292220115662,0.6207423806190491,163.7821397781372,0.6765217185020447,0.7504065632820129,0.6649186015129089,0.793982744216919,0.7909684181213379,0.6730434894561768,0.7210292220115662,0.7210292220115662,0.6784182190895081,0.6476250886917114,0.6808278560638428,0.6476250886917114,0,300,64,10,"Embedding (max_top_words=300, max_opinion_length=40, embedding_vector_lengths=500, units=64, epochs=10, nobs=0)",40,LOCAL,"Embedding (max_top_words=300, max_opinion_length=40, embedding_vector_lengths=500, units=64, epochs=10, nobs=0)",jovyan,/opt/conda/lib/python3.8/site-packages/ipykernel_launcher.py
21,bff2746152244a2aa1f4ed142628282f,1,FINISHED,file:///home/jovyan/nlp2/shared-mlruns/team-three/mariusz/1/bff2746152244a2aa1f4ed142628282f/artifacts,2021-10-09 17:55:19.530000+00:00,2021-10-09 17:57:34.922000+00:00,0.7080951929092407,0.7086323499679565,0.6036499738693237,0.7216095924377441,0.6153687238693237,134.46165323257446,0.6608695387840271,0.7819131016731262,0.681195080280304,0.7843133807182312,0.7819131016731262,0.6504347920417786,0.7216095924377441,0.7216095924377441,0.6907170414924622,0.6518616676330566,0.681195080280304,0.6458257436752319,0,300,32,10,"Embedding (max_top_words=300, max_opinion_length=40, embedding_vector_lengths=500, units=32, epochs=10, nobs=0)",40,LOCAL,"Embedding (max_top_words=300, max_opinion_length=40, embedding_vector_lengths=500, units=32, epochs=10, nobs=0)",jovyan,/opt/conda/lib/python3.8/site-packages/ipykernel_launcher.py
22,6aa6a6f9684841eea51e7d8fbc43de5b,1,FINISHED,file:///home/jovyan/nlp2/shared-mlruns/team-three/mariusz/1/6aa6a6f9684841eea51e7d8fbc43de5b/artifacts,2021-10-09 17:52:42.881000+00:00,2021-10-09 17:55:18.536000+00:00,0.7074032425880432,0.7074032425880432,0.6127645373344421,0.7173534631729126,0.6127645373344421,154.7951693534851,0.6573913097381592,0.7625023722648621,0.6794446110725403,0.7762823700904846,0.8356855511665344,0.6573913097381592,0.7173534631729126,0.7173534631729126,0.6982629299163818,0.6501040458679199,0.6794446110725403,0.6501040458679199,0,300,64,10,"Embedding (max_top_words=300, max_opinion_length=40, embedding_vector_lengths=400, units=64, epochs=10, nobs=0)",40,LOCAL,"Embedding (max_top_words=300, max_opinion_length=40, embedding_vector_lengths=400, units=64, epochs=10, nobs=0)",jovyan,/opt/conda/lib/python3.8/site-packages/ipykernel_launcher.py
23,cfb9bb7babd04ed1a1178261c50fad91,1,FINISHED,file:///home/jovyan/nlp2/shared-mlruns/team-three/mariusz/1/cfb9bb7babd04ed1a1178261c50fad91/artifacts,2021-10-09 17:50:29.792000+00:00,2021-10-09 17:52:41.833000+00:00,0.7041888236999512,0.7041888236999512,0.6128472685813904,0.7161926627159119,0.6285548806190491,131.05812788009644,0.6660869717597961,0.7678048610687256,0.6816270351409912,0.7763630747795105,0.7730586528778076,0.6660869717597961,0.7161926627159119,0.7161926627159119,0.7002489566802979,0.6444628834724426,0.6816270351409912,0.6444628834724426,0,300,32,10,"Embedding (max_top_words=300, max_opinion_length=40, embedding_vector_lengths=400, units=32, epochs=10, nobs=0)",40,LOCAL,"Embedding (max_top_words=300, max_opinion_length=40, embedding_vector_lengths=400, units=32, epochs=10, nobs=0)",jovyan,/opt/conda/lib/python3.8/site-packages/ipykernel_launcher.py
24,2a19c2fc0ba5456f941ff9d8c2572edd,1,FINISHED,file:///home/jovyan/nlp2/shared-mlruns/team-three/mariusz/1/2a19c2fc0ba5456f941ff9d8c2572edd/artifacts,2021-10-09 17:34:51.208000+00:00,2021-10-09 17:50:28.591000+00:00,0.7242289185523987,0.7242289185523987,0.7280092239379883,0.7328303456306458,0.7280092239379883,935.6730000972748,0.747826099395752,0.7997912764549255,0.7621254324913025,0.7777329683303833,0.8064633011817932,0.7460869550704956,0.7328303456306458,0.7328303456306458,0.6520270705223083,0.6784195899963379,0.7621254324913025,0.6784195899963379,2,300,64,10,"Embedding (max_top_words=300, max_opinion_length=50, embedding_vector_lengths=500, units=64, epochs=10, nobs=2)",50,LOCAL,"Embedding (max_top_words=300, max_opinion_length=50, embedding_vector_lengths=500, units=64, epochs=10, nobs=2)",jovyan,/opt/conda/lib/python3.8/site-packages/ipykernel_launcher.py
25,574f974ae775415f925129ef49d02916,1,FINISHED,file:///home/jovyan/nlp2/shared-mlruns/team-three/mariusz/1/574f974ae775415f925129ef49d02916/artifacts,2021-10-09 17:17:53.563000+00:00,2021-10-09 17:34:50.069000+00:00,0.7259630560874939,0.7259630560874939,0.7017195820808411,0.7365061044692993,0.7029390335083008,1014.9480094909668,0.739130437374115,0.8077905774116516,0.750855028629303,0.7824385762214661,0.8090116381645203,0.739130437374115,0.7365061044692993,0.7365061044692993,0.6574532985687256,0.6781918406486511,0.750855028629303,0.6781918406486511,2,300,32,10,"Embedding (max_top_words=300, max_opinion_length=50, embedding_vector_lengths=500, units=32, epochs=10, nobs=2)",50,LOCAL,"Embedding (max_top_words=300, max_opinion_length=50, embedding_vector_lengths=500, units=32, epochs=10, nobs=2)",jovyan,/opt/conda/lib/python3.8/site-packages/ipykernel_launcher.py
26,dcd3a25d656d4a24965d8f2bee7c6618,1,FINISHED,file:///home/jovyan/nlp2/shared-mlruns/team-three/mariusz/1/dcd3a25d656d4a24965d8f2bee7c6618/artifacts,2021-10-09 17:01:54.250000+00:00,2021-10-09 17:17:52.496000+00:00,0.7097360491752625,0.7097360491752625,0.6887814402580261,0.7279937863349915,0.6887814402580261,954.7353143692017,0.7356521487236023,0.8150851130485535,0.7464885711669922,0.7836800813674927,0.8150851130485535,0.7356521487236023,0.7279937863349915,0.7279937863349915,0.6696587204933167,0.6580190062522888,0.7464885711669922,0.6580190062522888,2,300,64,10,"Embedding (max_top_words=300, max_opinion_length=50, embedding_vector_lengths=400, units=64, epochs=10, nobs=2)",50,LOCAL,"Embedding (max_top_words=300, max_opinion_length=50, embedding_vector_lengths=400, units=64, epochs=10, nobs=2)",jovyan,/opt/conda/lib/python3.8/site-packages/ipykernel_launcher.py
27,3340abd77ca8410a91355a2b9b2b2f56,1,FINISHED,file:///home/jovyan/nlp2/shared-mlruns/team-three/mariusz/1/3340abd77ca8410a91355a2b9b2b2f56/artifacts,2021-10-09 16:51:53.226000+00:00,2021-10-09 17:01:53.109000+00:00,0.7095999717712402,0.7095999717712402,0.6926876902580261,0.7210292220115662,0.6926876902580261,598.2785711288452,0.7426086664199829,0.7880411744117737,0.7372096180915833,0.7784186601638794,0.8061437010765076,0.7426086664199829,0.7210292220115662,0.7210292220115662,0.6750612854957581,0.6605206727981567,0.7372096180915833,0.6605206727981567,2,300,32,10,"Embedding (max_top_words=300, max_opinion_length=50, embedding_vector_lengths=400, units=32, epochs=10, nobs=2)",50,LOCAL,"Embedding (max_top_words=300, max_opinion_length=50, embedding_vector_lengths=400, units=32, epochs=10, nobs=2)",jovyan,/opt/conda/lib/python3.8/site-packages/ipykernel_launcher.py
28,fb89b7c4a8c44a45b74329363175b930,1,FINISHED,file:///home/jovyan/nlp2/shared-mlruns/team-three/mariusz/1/fb89b7c4a8c44a45b74329363175b930/artifacts,2021-10-09 16:45:24.063000+00:00,2021-10-09 16:51:52.203000+00:00,0.7106752395629883,0.7106752395629883,0.6783647537231445,0.7287676334381104,0.6783647537231445,387.01170563697815,0.7339130640029907,0.8179047703742981,0.7409849166870117,0.7796010375022888,0.8179047703742981,0.7339130640029907,0.7287676334381104,0.7287676334381104,0.6657713055610657,0.6543405055999756,0.7409849166870117,0.6543405055999756,1,300,64,10,"Embedding (max_top_words=300, max_opinion_length=50, embedding_vector_lengths=500, units=64, epochs=10, nobs=1)",50,LOCAL,"Embedding (max_top_words=300, max_opinion_length=50, embedding_vector_lengths=500, units=64, epochs=10, nobs=1)",jovyan,/opt/conda/lib/python3.8/site-packages/ipykernel_launcher.py
29,14d8bd23041c44d3b65133aae96f31cf,1,FINISHED,file:///home/jovyan/nlp2/shared-mlruns/team-three/mariusz/1/14d8bd23041c44d3b65133aae96f31cf/artifacts,2021-10-09 16:40:19.705000+00:00,2021-10-09 16:45:23.059000+00:00,0.7097684144973755,0.7097684144973755,0.6598048806190491,0.7314761281013489,0.6598048806190491,302.162957906723,0.7408695816993713,0.786263644695282,0.7174984812736511,0.7864909172058105,0.8759259581565857,0.7078260779380798,0.7314761281013489,0.7314761281013489,0.672785222530365,0.64704430103302,0.7174984812736511,0.64704430103302,1,300,32,10,"Embedding (max_top_words=300, max_opinion_length=50, embedding_vector_lengths=500, units=32, epochs=10, nobs=1)",50,LOCAL,"Embedding (max_top_words=300, max_opinion_length=50, embedding_vector_lengths=500, units=32, epochs=10, nobs=1)",jovyan,/opt/conda/lib/python3.8/site-packages/ipykernel_launcher.py
30,1c490180165c4ca0ae81c3b2c1b29c64,1,FINISHED,file:///home/jovyan/nlp2/shared-mlruns/team-three/mariusz/1/1c490180165c4ca0ae81c3b2c1b29c64/artifacts,2021-10-09 16:34:28.394000+00:00,2021-10-09 16:40:18.635000+00:00,0.7168956398963928,0.7168956398963928,0.6848751902580261,0.7303153276443481,0.6875619888305664,349.0861792564392,0.7426086664199829,0.8055016398429871,0.7402036190032959,0.7786199450492859,0.839601993560791,0.7321739196777344,0.7303153276443481,0.7303153276443481,0.6594154834747314,0.6645294427871704,0.7454589009284973,0.6645294427871704,1,300,64,10,"Embedding (max_top_words=300, max_opinion_length=50, embedding_vector_lengths=400, units=64, epochs=10, nobs=1)",50,LOCAL,"Embedding (max_top_words=300, max_opinion_length=50, embedding_vector_lengths=400, units=64, epochs=10, nobs=1)",jovyan,/opt/conda/lib/python3.8/site-packages/ipykernel_launcher.py
31,fb1d9ac0f1814fe8a67259978794c70a,1,FINISHED,file:///home/jovyan/nlp2/shared-mlruns/team-three/mariusz/1/fb1d9ac0f1814fe8a67259978794c70a/artifacts,2021-10-09 16:29:54.973000+00:00,2021-10-09 16:34:27.417000+00:00,0.7052182555198669,0.7052182555198669,0.6296089291572571,0.723544180393219,0.6296089291572571,271.33976101875305,0.7165217399597168,0.7709104418754578,0.6930602192878723,0.7891682386398315,0.8048712611198425,0.7165217399597168,0.723544180393219,0.723544180393219,0.6943097710609436,0.6376829743385315,0.6930602192878723,0.6376829743385315,1,300,32,10,"Embedding (max_top_words=300, max_opinion_length=50, embedding_vector_lengths=400, units=32, epochs=10, nobs=1)",50,LOCAL,"Embedding (max_top_words=300, max_opinion_length=50, embedding_vector_lengths=400, units=32, epochs=10, nobs=1)",jovyan,/opt/conda/lib/python3.8/site-packages/ipykernel_launcher.py
32,8e0bc57390124dbeb96052fea8b7a7ee,1,FINISHED,file:///home/jovyan/nlp2/shared-mlruns/team-three/mariusz/1/8e0bc57390124dbeb96052fea8b7a7ee/artifacts,2021-10-09 16:26:27.935000+00:00,2021-10-09 16:29:53.940000+00:00,0.7051796913146973,0.7051796913146973,0.5969741940498352,0.7185142040252686,0.6218791604042053,205.1549928188324,0.6747826337814331,0.7727417945861816,0.6731736660003662,0.7886215448379517,0.7735165953636169,0.6747826337814331,0.7185142040252686,0.7185142040252686,0.6892976760864258,0.6381992697715759,0.689185380935669,0.6381992697715759,0,300,64,10,"Embedding (max_top_words=300, max_opinion_length=50, embedding_vector_lengths=500, units=64, epochs=10, nobs=0)",50,LOCAL,"Embedding (max_top_words=300, max_opinion_length=50, embedding_vector_lengths=500, units=64, epochs=10, nobs=0)",jovyan,/opt/conda/lib/python3.8/site-packages/ipykernel_launcher.py
33,2fec6f82ae924cd2b2f6c66759aad764,1,FINISHED,file:///home/jovyan/nlp2/shared-mlruns/team-three/mariusz/1/2fec6f82ae924cd2b2f6c66759aad764/artifacts,2021-10-09 16:23:46.496000+00:00,2021-10-09 16:26:26.906000+00:00,0.6979888081550598,0.7025807499885559,0.5890790820121765,0.7084542512893677,0.5930679440498352,159.50186109542847,0.6695652008056641,0.7564103007316589,0.6621872186660767,0.7870855927467346,0.7617579102516174,0.6695652008056641,0.7109692692756653,0.7084542512893677,0.7070873379707336,0.6347485780715942,0.6621872186660767,0.6317723393440247,0,300,32,10,"Embedding (max_top_words=300, max_opinion_length=50, embedding_vector_lengths=500, units=32, epochs=10, nobs=0)",50,LOCAL,"Embedding (max_top_words=300, max_opinion_length=50, embedding_vector_lengths=500, units=32, epochs=10, nobs=0)",jovyan,/opt/conda/lib/python3.8/site-packages/ipykernel_launcher.py
34,2ada9d9b70f440319d4fe8f716d2cd6b,1,FINISHED,file:///home/jovyan/nlp2/shared-mlruns/team-three/mariusz/1/2ada9d9b70f440319d4fe8f716d2cd6b/artifacts,2021-10-09 16:20:26.067000+00:00,2021-10-09 16:23:38.551000+00:00,0.7043687105178833,0.7043687105178833,0.5890790820121765,0.7159992456436157,0.6100776791572571,191.55288910865784,0.6730434894561768,0.7531893253326416,0.6609688401222229,0.7802910804748535,0.7644850611686707,0.6730434894561768,0.7159992456436157,0.7159992456436157,0.6961731314659119,0.6429520845413208,0.6736823916435242,0.6429520845413208,0,300,64,10,"Embedding (max_top_words=300, max_opinion_length=50, embedding_vector_lengths=400, units=64, epochs=10, nobs=0)",50,LOCAL,"Embedding (max_top_words=300, max_opinion_length=50, embedding_vector_lengths=400, units=64, epochs=10, nobs=0)",jovyan,/opt/conda/lib/python3.8/site-packages/ipykernel_launcher.py
35,de8abfef555348aaa6db57d2c73a932b,1,FINISHED,file:///home/jovyan/nlp2/shared-mlruns/team-three/mariusz/1/de8abfef555348aaa6db57d2c73a932b/artifacts,2021-10-09 16:17:57.102000+00:00,2021-10-09 16:20:25.026000+00:00,0.6917592287063599,0.6917592287063599,0.6139839291572571,0.7072934508323669,0.6244006156921387,146.99571323394775,0.6695652008056641,0.736155092716217,0.6694612503051758,0.7689661383628845,0.7455717921257019,0.6695652008056641,0.7072934508323669,0.7072934508323669,0.7326720356941223,0.6316698789596558,0.6694612503051758,0.6293541789054871,0,300,32,10,"Embedding (max_top_words=300, max_opinion_length=50, embedding_vector_lengths=400, units=32, epochs=10, nobs=0)",50,LOCAL,"Embedding (max_top_words=300, max_opinion_length=50, embedding_vector_lengths=400, units=32, epochs=10, nobs=0)",jovyan,/opt/conda/lib/python3.8/site-packages/ipykernel_launcher.py
36,455d4152c2ff4f18a62c06e9fc52b744,1,FINISHED,file:///home/jovyan/nlp2/shared-mlruns/team-three/mariusz/1/455d4152c2ff4f18a62c06e9fc52b744/artifacts,2021-10-09 16:05:17.300000+00:00,2021-10-09 16:17:56.037000+00:00,0.7202851176261902,0.7202851176261902,0.709697425365448,0.7363126277923584,0.709697425365448,757.0766649246216,0.7565217614173889,0.8096778988838196,0.7563748955726624,0.7828183770179749,0.8096778988838196,0.7565217614173889,0.7363126277923584,0.7363126277923584,0.6565927863121033,0.6729834675788879,0.7563748955726624,0.6729834675788879,2,300,64,10,"Embedding (max_top_words=300, max_opinion_length=60, embedding_vector_lengths=500, units=64, epochs=10, nobs=2)",60,LOCAL,"Embedding (max_top_words=300, max_opinion_length=60, embedding_vector_lengths=500, units=64, epochs=10, nobs=2)",jovyan,/opt/conda/lib/python3.8/site-packages/ipykernel_launcher.py
37,20a72bc172a1444a83ec2ed29c5cf0b1,1,FINISHED,file:///home/jovyan/nlp2/shared-mlruns/team-three/mariusz/1/20a72bc172a1444a83ec2ed29c5cf0b1/artifacts,2021-10-09 15:48:37.072000+00:00,2021-10-09 16:05:16.237000+00:00,0.707779049873352,0.7101813554763794,0.6675347685813904,0.7330238223075867,0.6676173806190491,997.5569365024567,0.747826099395752,0.8252293467521667,0.7377942204475403,0.7866722345352173,0.8252293467521667,0.747826099395752,0.7330238223075867,0.7330238223075867,0.6741902232170105,0.6495459675788879,0.7377942204475403,0.6486766338348389,2,300,32,10,"Embedding (max_top_words=300, max_opinion_length=60, embedding_vector_lengths=500, units=32, epochs=10, nobs=2)",60,LOCAL,"Embedding (max_top_words=300, max_opinion_length=60, embedding_vector_lengths=500, units=32, epochs=10, nobs=2)",jovyan,/opt/conda/lib/python3.8/site-packages/ipykernel_launcher.py
38,69401860ce8747ce97c8f550b2db418a,1,FINISHED,file:///home/jovyan/nlp2/shared-mlruns/team-three/mariusz/1/69401860ce8747ce97c8f550b2db418a/artifacts,2021-10-09 15:36:46.735000+00:00,2021-10-09 15:48:36.070000+00:00,0.7164307832717896,0.7164307832717896,0.7044064402580261,0.7289611101150513,0.7044064402580261,707.677586555481,0.7617391347885132,0.7992338538169861,0.7487313747406006,0.7727103233337402,0.8158106207847595,0.7617391347885132,0.7289611101150513,0.7289611101150513,0.6687707304954529,0.6713093519210815,0.7507259249687195,0.6713093519210815,2,300,64,10,"Embedding (max_top_words=300, max_opinion_length=60, embedding_vector_lengths=400, units=64, epochs=10, nobs=2)",60,LOCAL,"Embedding (max_top_words=300, max_opinion_length=60, embedding_vector_lengths=400, units=64, epochs=10, nobs=2)",jovyan,/opt/conda/lib/python3.8/site-packages/ipykernel_launcher.py
39,f68e612348984fa3adc6c8f47ab2c796,1,FINISHED,file:///home/jovyan/nlp2/shared-mlruns/team-three/mariusz/1/f68e612348984fa3adc6c8f47ab2c796/artifacts,2021-10-09 15:25:27.552000+00:00,2021-10-09 15:36:45.683000+00:00,0.7067636847496033,0.7067636847496033,0.7044890522956848,0.722963809967041,0.7044890522956848,676.5269367694855,0.7513043284416199,0.8121659159660339,0.7542999386787415,0.773362398147583,0.8481481671333313,0.7513043284416199,0.722963809967041,0.722963809967041,0.6911925673484802,0.6510340571403503,0.7542999386787415,0.6510340571403503,2,300,32,10,"Embedding (max_top_words=300, max_opinion_length=60, embedding_vector_lengths=400, units=32, epochs=10, nobs=2)",60,LOCAL,"Embedding (max_top_words=300, max_opinion_length=60, embedding_vector_lengths=400, units=32, epochs=10, nobs=2)",jovyan,/opt/conda/lib/python3.8/site-packages/ipykernel_launcher.py
40,378c602a11c542798fb9062f7b4985f1,1,FINISHED,file:///home/jovyan/nlp2/shared-mlruns/team-three/mariusz/1/378c602a11c542798fb9062f7b4985f1/artifacts,2021-10-09 15:14:58.325000+00:00,2021-10-09 15:25:26.510000+00:00,0.7090632319450378,0.7090632319450378,0.6558986306190491,0.7287676334381104,0.6558986306190491,626.9040949344635,0.7356521487236023,0.8001490235328674,0.7207430005073547,0.7791503667831421,0.8001490235328674,0.7356521487236023,0.7287676334381104,0.7287676334381104,0.672644853591919,0.6520476341247559,0.7207430005073547,0.65095055103302,1,300,64,10,"Embedding (max_top_words=300, max_opinion_length=60, embedding_vector_lengths=500, units=64, epochs=10, nobs=1)",60,LOCAL,"Embedding (max_top_words=300, max_opinion_length=60, embedding_vector_lengths=500, units=64, epochs=10, nobs=1)",jovyan,/opt/conda/lib/python3.8/site-packages/ipykernel_launcher.py
41,69fb2fbe2d8f420886cf1f4b9c381761,1,FINISHED,file:///home/jovyan/nlp2/shared-mlruns/team-three/mariusz/1/69fb2fbe2d8f420886cf1f4b9c381761/artifacts,2021-10-09 15:08:23.626000+00:00,2021-10-09 15:14:57.208000+00:00,0.6937640905380249,0.6969224214553833,0.6414930820465088,0.7159992456436157,0.6414930820465088,392.4626977443695,0.7043478488922119,0.7813065648078918,0.7043816447257996,0.7842140197753906,0.7998561859130859,0.7026087045669556,0.7159992456436157,0.7159992456436157,0.6964648365974426,0.6291264295578003,0.7056054472923279,0.6224907636642456,1,300,32,10,"Embedding (max_top_words=300, max_opinion_length=60, embedding_vector_lengths=500, units=32, epochs=10, nobs=1)",60,LOCAL,"Embedding (max_top_words=300, max_opinion_length=60, embedding_vector_lengths=500, units=32, epochs=10, nobs=1)",jovyan,/opt/conda/lib/python3.8/site-packages/ipykernel_launcher.py
42,a8897b351f6b4820915ee3aec474588e,1,FINISHED,file:///home/jovyan/nlp2/shared-mlruns/team-three/mariusz/1/a8897b351f6b4820915ee3aec474588e/artifacts,2021-10-09 15:01:25.475000+00:00,2021-10-09 15:08:22.629000+00:00,0.7138385772705078,0.7138385772705078,0.7070932388305664,0.7260591983795166,0.7070932388305664,415.9951980113983,0.7669565081596375,0.8178777098655701,0.7583789825439453,0.7825816869735718,0.8395866751670837,0.7669565081596375,0.7266395688056946,0.7260591983795166,0.666790783405304,0.6630830764770508,0.7583789825439453,0.6630830764770508,1,300,64,10,"Embedding (max_top_words=300, max_opinion_length=60, embedding_vector_lengths=400, units=64, epochs=10, nobs=1)",60,LOCAL,"Embedding (max_top_words=300, max_opinion_length=60, embedding_vector_lengths=400, units=64, epochs=10, nobs=1)",jovyan,/opt/conda/lib/python3.8/site-packages/ipykernel_launcher.py
43,cdda1a040a0347caa8a86a6e0f222f1d,1,FINISHED,file:///home/jovyan/nlp2/shared-mlruns/team-three/mariusz/1/cdda1a040a0347caa8a86a6e0f222f1d/artifacts,2021-10-09 14:55:16.443000+00:00,2021-10-09 15:01:24.450000+00:00,0.6990580558776855,0.7054175138473511,0.6860945820808411,0.7252853512763977,0.6860945820808411,366.9194405078888,0.747826099395752,0.8181543350219727,0.7462167143821716,0.7799847722053528,0.8420389294624329,0.739130437374115,0.7252853512763977,0.7252853512763977,0.6924588680267334,0.6466343402862549,0.7462167143821716,0.6416499614715576,1,300,32,10,"Embedding (max_top_words=300, max_opinion_length=60, embedding_vector_lengths=400, units=32, epochs=10, nobs=1)",60,LOCAL,"Embedding (max_top_words=300, max_opinion_length=60, embedding_vector_lengths=400, units=32, epochs=10, nobs=1)",jovyan,/opt/conda/lib/python3.8/site-packages/ipykernel_launcher.py
44,5e5c8872cf12463c8bcff39f50fb13a3,1,FINISHED,file:///home/jovyan/nlp2/shared-mlruns/team-three/mariusz/1/5e5c8872cf12463c8bcff39f50fb13a3/artifacts,2021-10-09 14:50:58.116000+00:00,2021-10-09 14:55:15.436000+00:00,0.6908162236213684,0.6908162236213684,0.5942873954772949,0.706713080406189,0.5981936454772949,256.3812789916992,0.6765217185020447,0.7638154029846191,0.6683716773986816,0.7732850313186646,0.7638154029846191,0.6765217185020447,0.706713080406189,0.706713080406189,0.7368658781051636,0.6246203780174255,0.6696251034736633,0.6246203780174255,0,300,64,10,"Embedding (max_top_words=300, max_opinion_length=60, embedding_vector_lengths=500, units=64, epochs=10, nobs=0)",60,LOCAL,"Embedding (max_top_words=300, max_opinion_length=60, embedding_vector_lengths=500, units=64, epochs=10, nobs=0)",jovyan,/opt/conda/lib/python3.8/site-packages/ipykernel_launcher.py
45,19b018af33eb4bfea1d5f785a050aa24,1,FINISHED,file:///home/jovyan/nlp2/shared-mlruns/team-three/mariusz/1/19b018af33eb4bfea1d5f785a050aa24/artifacts,2021-10-09 14:46:25.160000+00:00,2021-10-09 14:50:57.108000+00:00,0.6633340716362,0.6633340716362,0.5512359738349915,0.6825304627418518,0.5772776007652283,270.6871793270111,0.6660869717597961,0.694858729839325,0.6147270202636719,0.7544495463371277,0.7589008212089539,0.6208695769309998,0.6825304627418518,0.6825304627418518,0.8130084276199341,0.6014485955238342,0.6426976323127747,0.5922543406486511,0,300,32,10,"Embedding (max_top_words=300, max_opinion_length=60, embedding_vector_lengths=500, units=32, epochs=10, nobs=0)",60,LOCAL,"Embedding (max_top_words=300, max_opinion_length=60, embedding_vector_lengths=500, units=32, epochs=10, nobs=0)",jovyan,/opt/conda/lib/python3.8/site-packages/ipykernel_launcher.py
46,2081d43918f54da6ad63b11a784f924a,1,FINISHED,file:///home/jovyan/nlp2/shared-mlruns/team-three/mariusz/1/2081d43918f54da6ad63b11a784f924a/artifacts,2021-10-09 14:42:04.621000+00:00,2021-10-09 14:46:23.058000+00:00,0.6938746571540833,0.6938746571540833,0.5955894589424133,0.7094215750694275,0.5955894589424133,255.17625999450684,0.6713043451309204,0.7671949863433838,0.6703619956970215,0.7744919061660767,0.7671949863433838,0.6713043451309204,0.7094215750694275,0.7094215750694275,0.7331589460372925,0.6290239095687866,0.6703619956970215,0.6290239095687866,0,300,64,10,"Embedding (max_top_words=300, max_opinion_length=60, embedding_vector_lengths=400, units=64, epochs=10, nobs=0)",60,LOCAL,"Embedding (max_top_words=300, max_opinion_length=60, embedding_vector_lengths=400, units=64, epochs=10, nobs=0)",jovyan,/opt/conda/lib/python3.8/site-packages/ipykernel_launcher.py
47,6e781c4f71d84d8ebafd8038110d2eb0,1,FINISHED,file:///home/jovyan/nlp2/shared-mlruns/team-three/mariusz/1/6e781c4f71d84d8ebafd8038110d2eb0/artifacts,2021-10-09 14:38:21.146000+00:00,2021-10-09 14:42:03.565000+00:00,0.6699147820472717,0.6699147820472717,0.5863094925880432,0.6925904154777527,0.5863094925880432,221.4755735397339,0.6643478274345398,0.7351437211036682,0.6520386934280396,0.7520052790641785,0.7351437211036682,0.6643478274345398,0.6925904154777527,0.6925904154777527,0.7691717147827148,0.6043033003807068,0.6520386934280396,0.6043033003807068,0,300,32,10,"Embedding (max_top_words=300, max_opinion_length=60, embedding_vector_lengths=400, units=32, epochs=10, nobs=0)",60,LOCAL,"Embedding (max_top_words=300, max_opinion_length=60, embedding_vector_lengths=400, units=32, epochs=10, nobs=0)",jovyan,/opt/conda/lib/python3.8/site-packages/ipykernel_launcher.py
48,ea1cf5fcf16f45a38ae60dce243c9486,1,FINISHED,file:///home/jovyan/nlp2/shared-mlruns/team-three/mariusz/1/ea1cf5fcf16f45a38ae60dce243c9486/artifacts,2021-10-09 14:35:02.916000+00:00,2021-10-09 14:38:20.115000+00:00,0.5977923274040222,0.5977923274040222,0.4541377127170563,0.6333913803100586,0.46203291416168213,195.57014083862305,0.5947825908660889,0.6378880739212036,0.5304175615310669,0.7114024758338928,0.7114452719688416,0.5773913264274597,0.6333913803100586,0.6333913803100586,0.8522352576255798,0.5187340974807739,0.5384962558746338,0.5187340974807739,2,500,64,10,"Embedding (max_top_words=500, max_opinion_length=10, embedding_vector_lengths=500, units=64, epochs=10, nobs=2)",10,LOCAL,"Embedding (max_top_words=500, max_opinion_length=10, embedding_vector_lengths=500, units=64, epochs=10, nobs=2)",jovyan,/opt/conda/lib/python3.8/site-packages/ipykernel_launcher.py
49,451e78daf1a648b094163a369abb27ff,1,FINISHED,file:///home/jovyan/nlp2/shared-mlruns/team-three/mariusz/1/451e78daf1a648b094163a369abb27ff/artifacts,2021-10-09 14:32:49.414000+00:00,2021-10-09 14:35:01.871000+00:00,0.5973209738731384,0.5973209738731384,0.4345238208770752,0.6330044269561768,0.45178160071372986,130.86786150932312,0.5843478441238403,0.6471059918403625,0.5199205875396729,0.7114207744598389,0.7382332682609558,0.5808695554733276,0.6330044269561768,0.6330044269561768,0.8543250560760498,0.5157389044761658,0.5366986393928528,0.5157389044761658,2,500,32,10,"Embedding (max_top_words=500, max_opinion_length=10, embedding_vector_lengths=500, units=32, epochs=10, nobs=2)",10,LOCAL,"Embedding (max_top_words=500, max_opinion_length=10, embedding_vector_lengths=500, units=32, epochs=10, nobs=2)",jovyan,/opt/conda/lib/python3.8/site-packages/ipykernel_launcher.py
50,cf081c367e8040cabac8ed23ec0fea0a,1,FINISHED,file:///home/jovyan/nlp2/shared-mlruns/team-three/mariusz/1/cf081c367e8040cabac8ed23ec0fea0a/artifacts,2021-10-09 14:30:15.797000+00:00,2021-10-09 14:32:48.442000+00:00,0.5897723436355591,0.5897723436355591,0.4267939627170563,0.6239117980003357,0.4451884925365448,151.06365633010864,0.5965217351913452,0.6531071662902832,0.5160790681838989,0.7084535956382751,0.8333332538604736,0.5947825908660889,0.6239117980003357,0.6239117980003357,0.8737427592277527,0.5055917501449585,0.5343185663223267,0.5055917501449585,2,500,64,10,"Embedding (max_top_words=500, max_opinion_length=10, embedding_vector_lengths=400, units=64, epochs=10, nobs=2)",10,LOCAL,"Embedding (max_top_words=500, max_opinion_length=10, embedding_vector_lengths=400, units=64, epochs=10, nobs=2)",jovyan,/opt/conda/lib/python3.8/site-packages/ipykernel_launcher.py
51,3e87673bb66f402cadf8f6e0100fd8b7,1,FINISHED,file:///home/jovyan/nlp2/shared-mlruns/team-three/mariusz/1/3e87673bb66f402cadf8f6e0100fd8b7/artifacts,2021-10-09 14:28:17.761000+00:00,2021-10-09 14:30:14.800000+00:00,0.5866626501083374,0.5866626501083374,0.44225361943244934,0.629135251045227,0.44225361943244934,115.51801681518555,0.5965217351913452,0.6406084895133972,0.5230954885482788,0.7021719813346863,0.7221003174781799,0.5930435061454773,0.629135251045227,0.629135251045227,0.8629302978515625,0.5057549476623535,0.5230954885482788,0.5057549476623535,2,500,32,10,"Embedding (max_top_words=500, max_opinion_length=10, embedding_vector_lengths=400, units=32, epochs=10, nobs=2)",10,LOCAL,"Embedding (max_top_words=500, max_opinion_length=10, embedding_vector_lengths=400, units=32, epochs=10, nobs=2)",jovyan,/opt/conda/lib/python3.8/site-packages/ipykernel_launcher.py
52,329a20a2387b4acfb6224a69f15670cc,1,FINISHED,file:///home/jovyan/nlp2/shared-mlruns/team-three/mariusz/1/329a20a2387b4acfb6224a69f15670cc/artifacts,2021-10-09 14:26:37.960000+00:00,2021-10-09 14:28:16.751000+00:00,0.5932175517082214,0.6029312014579773,0.4423363208770752,0.6382278800010681,0.4477100074291229,97.69556188583374,0.591304361820221,0.6319047808647156,0.5203530192375183,0.7225192189216614,0.7916666865348816,0.591304361820221,0.6407428979873657,0.6382278800010681,0.8424445390701294,0.5180355906486511,0.5326328873634338,0.5066432952880859,1,500,64,10,"Embedding (max_top_words=500, max_opinion_length=10, embedding_vector_lengths=500, units=64, epochs=10, nobs=1)",10,LOCAL,"Embedding (max_top_words=500, max_opinion_length=10, embedding_vector_lengths=500, units=64, epochs=10, nobs=1)",jovyan,/opt/conda/lib/python3.8/site-packages/ipykernel_launcher.py
53,6dc4d80772354a7daa8b7aa6c861d4a9,1,FINISHED,file:///home/jovyan/nlp2/shared-mlruns/team-three/mariusz/1/6dc4d80772354a7daa8b7aa6c861d4a9/artifacts,2021-10-09 14:25:14.963000+00:00,2021-10-09 14:26:36.954000+00:00,0.6108190417289734,0.612202525138855,0.45031416416168213,0.646740198135376,0.45031416416168213,80.8099205493927,0.5860869288444519,0.6436471939086914,0.5296291708946228,0.729191780090332,0.7267334461212158,0.5843478441238403,0.6529309153556824,0.646740198135376,0.8438824415206909,0.528387725353241,0.5364791750907898,0.528387725353241,1,500,32,10,"Embedding (max_top_words=500, max_opinion_length=10, embedding_vector_lengths=500, units=32, epochs=10, nobs=1)",10,LOCAL,"Embedding (max_top_words=500, max_opinion_length=10, embedding_vector_lengths=500, units=32, epochs=10, nobs=1)",jovyan,/opt/conda/lib/python3.8/site-packages/ipykernel_launcher.py
54,46f791c616364e269fef30ff0d7ad10b,1,FINISHED,file:///home/jovyan/nlp2/shared-mlruns/team-three/mariusz/1/46f791c616364e269fef30ff0d7ad10b/artifacts,2021-10-09 14:23:42.784000+00:00,2021-10-09 14:25:13.943000+00:00,0.5948516726493835,0.5948516726493835,0.44892939925193787,0.6320371627807617,0.44892939925193787,89.98466920852661,0.6069565415382385,0.6504441499710083,0.5309521555900574,0.7195776700973511,0.7427615523338318,0.5982608795166016,0.6333913803100586,0.6320371627807617,0.850390613079071,0.510075032711029,0.535408079624176,0.510075032711029,1,500,64,10,"Embedding (max_top_words=500, max_opinion_length=10, embedding_vector_lengths=400, units=64, epochs=10, nobs=1)",10,LOCAL,"Embedding (max_top_words=500, max_opinion_length=10, embedding_vector_lengths=400, units=64, epochs=10, nobs=1)",jovyan,/opt/conda/lib/python3.8/site-packages/ipykernel_launcher.py
55,d9d3111dba0a4e7aa05746959fcd493a,1,FINISHED,file:///home/jovyan/nlp2/shared-mlruns/team-three/mariusz/1/d9d3111dba0a4e7aa05746959fcd493a/artifacts,2021-10-09 14:22:26.599000+00:00,2021-10-09 14:23:40.506000+00:00,0.5845335125923157,0.5892871618270874,0.44250166416168213,0.6320371627807617,0.44250166416168213,72.7768964767456,0.5878260731697083,0.6624905467033386,0.5303924083709717,0.7311643958091736,0.7480342984199524,0.5808695554733276,0.6320371627807617,0.6320371627807617,0.8585317134857178,0.5014159679412842,0.5303924083709717,0.4955243170261383,1,500,32,10,"Embedding (max_top_words=500, max_opinion_length=10, embedding_vector_lengths=400, units=32, epochs=10, nobs=1)",10,LOCAL,"Embedding (max_top_words=500, max_opinion_length=10, embedding_vector_lengths=400, units=32, epochs=10, nobs=1)",jovyan,/opt/conda/lib/python3.8/site-packages/ipykernel_launcher.py
56,1b80bcf9242149c384359e57f41d0f38,1,FINISHED,file:///home/jovyan/nlp2/shared-mlruns/team-three/mariusz/1/1b80bcf9242149c384359e57f41d0f38/artifacts,2021-10-09 14:21:29.810000+00:00,2021-10-09 14:22:25.595000+00:00,0.6305220723152161,0.6305220723152161,0.471230149269104,0.6653124690055847,0.471230149269104,54.89664030075073,0.5930435061454773,0.6487733721733093,0.5456447005271912,0.7380533814430237,0.7555379271507263,0.5878260731697083,0.6653124690055847,0.6653124690055847,0.8005692958831787,0.5538713335990906,0.5456447005271912,0.5538713335990906,0,500,64,10,"Embedding (max_top_words=500, max_opinion_length=10, embedding_vector_lengths=500, units=64, epochs=10, nobs=0)",10,LOCAL,"Embedding (max_top_words=500, max_opinion_length=10, embedding_vector_lengths=500, units=64, epochs=10, nobs=0)",jovyan,/opt/conda/lib/python3.8/site-packages/ipykernel_launcher.py
57,8f21b455c8c442669b13a80ea977c25c,1,FINISHED,file:///home/jovyan/nlp2/shared-mlruns/team-three/mariusz/1/8f21b455c8c442669b13a80ea977c25c/artifacts,2021-10-09 14:20:41.852000+00:00,2021-10-09 14:21:28.791000+00:00,0.6289502382278442,0.6289502382278442,0.45934605598449707,0.6626039743423462,0.45934605598449707,46.03313374519348,0.5895652174949646,0.6212537288665771,0.5278382301330566,0.739511251449585,0.7686619162559509,0.5860869288444519,0.6626039743423462,0.6626039743423462,0.7979668974876404,0.5520947575569153,0.5307386517524719,0.5520947575569153,0,500,32,10,"Embedding (max_top_words=500, max_opinion_length=10, embedding_vector_lengths=500, units=32, epochs=10, nobs=0)",10,LOCAL,"Embedding (max_top_words=500, max_opinion_length=10, embedding_vector_lengths=500, units=32, epochs=10, nobs=0)",jovyan,/opt/conda/lib/python3.8/site-packages/ipykernel_launcher.py
58,b76cfb53d1444384be9fdd60d60fe882,1,FINISHED,file:///home/jovyan/nlp2/shared-mlruns/team-three/mariusz/1/b76cfb53d1444384be9fdd60d60fe882/artifacts,2021-10-09 14:19:47.413000+00:00,2021-10-09 14:20:38.717000+00:00,0.6327610611915588,0.6327610611915588,0.4711475074291229,0.6633778214454651,0.4711475074291229,50.38558506965637,0.5947825908660889,0.6428377628326416,0.5432987213134766,0.733009934425354,0.7808049321174622,0.5947825908660889,0.6633778214454651,0.6633778214454651,0.7946668267250061,0.5569917559623718,0.5432987213134766,0.5569917559623718,0,500,64,10,"Embedding (max_top_words=500, max_opinion_length=10, embedding_vector_lengths=400, units=64, epochs=10, nobs=0)",10,LOCAL,"Embedding (max_top_words=500, max_opinion_length=10, embedding_vector_lengths=400, units=64, epochs=10, nobs=0)",jovyan,/opt/conda/lib/python3.8/site-packages/ipykernel_launcher.py
59,63f47cf0603b486997509cfc2e2c1574,1,FINISHED,file:///home/jovyan/nlp2/shared-mlruns/team-three/mariusz/1/63f47cf0603b486997509cfc2e2c1574/artifacts,2021-10-09 14:19:00.949000+00:00,2021-10-09 14:19:46.452000+00:00,0.6172154545783997,0.6172154545783997,0.4464905560016632,0.6552524566650391,0.45967674255371094,44.5704710483551,0.591304361820221,0.6617206931114197,0.5330646634101868,0.736689567565918,0.7243866920471191,0.591304361820221,0.6552524566650391,0.6552524566650391,0.8177797198295593,0.532893717288971,0.5423739552497864,0.532893717288971,0,500,32,10,"Embedding (max_top_words=500, max_opinion_length=10, embedding_vector_lengths=400, units=32, epochs=10, nobs=0)",10,LOCAL,"Embedding (max_top_words=500, max_opinion_length=10, embedding_vector_lengths=400, units=32, epochs=10, nobs=0)",jovyan,/opt/conda/lib/python3.8/site-packages/ipykernel_launcher.py
60,ce8ca058ffa44305b07d1814c8928493,1,FINISHED,file:///home/jovyan/nlp2/shared-mlruns/team-three/mariusz/1/ce8ca058ffa44305b07d1814c8928493/artifacts,2021-10-09 14:10:30.969000+00:00,2021-10-09 14:18:59.919000+00:00,0.7360962629318237,0.7384200096130371,0.7017195820808411,0.7459856867790222,0.7017195820808411,507.3659565448761,0.7443478107452393,0.7602360844612122,0.7297090888023376,0.7878140807151794,0.949999988079071,0.7356521487236023,0.7459856867790222,0.7459856867790222,0.6287119388580322,0.6950809359550476,0.7401509284973145,0.694355845451355,2,500,64,10,"Embedding (max_top_words=500, max_opinion_length=40, embedding_vector_lengths=500, units=64, epochs=10, nobs=2)",40,LOCAL,"Embedding (max_top_words=500, max_opinion_length=40, embedding_vector_lengths=500, units=64, epochs=10, nobs=2)",jovyan,/opt/conda/lib/python3.8/site-packages/ipykernel_launcher.py
61,8804b483dee3453898285ad34af4c2f1,1,FINISHED,file:///home/jovyan/nlp2/shared-mlruns/team-three/mariusz/1/8804b483dee3453898285ad34af4c2f1/artifacts,2021-10-09 14:03:59.955000+00:00,2021-10-09 14:10:29.872000+00:00,0.7330480813980103,0.7330480813980103,0.6939070820808411,0.7413426041603088,0.6939070820808411,388.39918541908264,0.7373912930488586,0.7726010680198669,0.7309166789054871,0.791117250919342,0.8746612668037415,0.7373912930488586,0.7413426041603088,0.7413426041603088,0.6481659412384033,0.6832368969917297,0.7309166789054871,0.6832368969917297,2,500,32,10,"Embedding (max_top_words=500, max_opinion_length=40, embedding_vector_lengths=500, units=32, epochs=10, nobs=2)",40,LOCAL,"Embedding (max_top_words=500, max_opinion_length=40, embedding_vector_lengths=500, units=32, epochs=10, nobs=2)",jovyan,/opt/conda/lib/python3.8/site-packages/ipykernel_launcher.py
62,53fbc5bc52114a93a993e195ba27e056,1,FINISHED,file:///home/jovyan/nlp2/shared-mlruns/team-three/mariusz/1/53fbc5bc52114a93a993e195ba27e056/artifacts,2021-10-09 13:56:03.469000+00:00,2021-10-09 14:03:58.935000+00:00,0.7302400469779968,0.7357850074768066,0.6899182200431824,0.7442445158958435,0.6899182200431824,473.8864269256592,0.730434775352478,0.7749428749084473,0.7298362851142883,0.7868463397026062,0.8114914298057556,0.730434775352478,0.7459856867790222,0.7442445158958435,0.6374392509460449,0.691318929195404,0.7325801253318787,0.6826561093330383,2,500,64,10,"Embedding (max_top_words=500, max_opinion_length=40, embedding_vector_lengths=400, units=64, epochs=10, nobs=2)",40,LOCAL,"Embedding (max_top_words=500, max_opinion_length=40, embedding_vector_lengths=400, units=64, epochs=10, nobs=2)",jovyan,/opt/conda/lib/python3.8/site-packages/ipykernel_launcher.py
63,77ea5e7afd274457b5a899db69ad2db7,1,FINISHED,file:///home/jovyan/nlp2/shared-mlruns/team-three/mariusz/1/77ea5e7afd274457b5a899db69ad2db7/artifacts,2021-10-09 13:49:59.848000+00:00,2021-10-09 13:56:02.406000+00:00,0.7135279774665833,0.7135279774665833,0.6440972685813904,0.7287676334381104,0.6440972685813904,361.0063157081604,0.6991304159164429,0.7699210047721863,0.701402485370636,0.7964630126953125,0.8690476417541504,0.6991304159164429,0.7287676334381104,0.7287676334381104,0.6704839468002319,0.6464673280715942,0.701402485370636,0.6464673280715942,2,500,32,10,"Embedding (max_top_words=500, max_opinion_length=40, embedding_vector_lengths=400, units=32, epochs=10, nobs=2)",40,LOCAL,"Embedding (max_top_words=500, max_opinion_length=40, embedding_vector_lengths=400, units=32, epochs=10, nobs=2)",jovyan,/opt/conda/lib/python3.8/site-packages/ipykernel_launcher.py
64,3c79b05f5def40849fd60b219d0f1fc7,1,FINISHED,file:///home/jovyan/nlp2/shared-mlruns/team-three/mariusz/1/3c79b05f5def40849fd60b219d0f1fc7/artifacts,2021-10-09 13:44:48.437000+00:00,2021-10-09 13:49:58.827000+00:00,0.7345225811004639,0.7345225811004639,0.6926050186157227,0.7471464276313782,0.6926050186157227,309.24390411376953,0.7339130640029907,0.7860214114189148,0.736325740814209,0.7953211665153503,0.8220779299736023,0.7339130640029907,0.7471464276313782,0.7471464276313782,0.6285703778266907,0.6825953722000122,0.736325740814209,0.6825953722000122,1,500,64,10,"Embedding (max_top_words=500, max_opinion_length=40, embedding_vector_lengths=500, units=64, epochs=10, nobs=1)",40,LOCAL,"Embedding (max_top_words=500, max_opinion_length=40, embedding_vector_lengths=500, units=64, epochs=10, nobs=1)",jovyan,/opt/conda/lib/python3.8/site-packages/ipykernel_launcher.py
65,ffddefd6fcba4ec3bd4c2dbf29bd3f79,1,FINISHED,file:///home/jovyan/nlp2/shared-mlruns/team-three/mariusz/1/ffddefd6fcba4ec3bd4c2dbf29bd3f79/artifacts,2021-10-09 13:40:32.102000+00:00,2021-10-09 13:44:47.380000+00:00,0.7320971488952637,0.7320971488952637,0.6794188022613525,0.7382472157478333,0.6794188022613525,254.08673286437988,0.7234782576560974,0.7748944759368896,0.7240114808082581,0.7954767346382141,0.8161327242851257,0.7113043665885925,0.7382472157478333,0.7382472157478333,0.6456157565116882,0.6783170700073242,0.7240114808082581,0.6783170700073242,1,500,32,10,"Embedding (max_top_words=500, max_opinion_length=40, embedding_vector_lengths=500, units=32, epochs=10, nobs=1)",40,LOCAL,"Embedding (max_top_words=500, max_opinion_length=40, embedding_vector_lengths=500, units=32, epochs=10, nobs=1)",jovyan,/opt/conda/lib/python3.8/site-packages/ipykernel_launcher.py
66,a9f374764e2c488ebff0006328d0a5fa,1,FINISHED,file:///home/jovyan/nlp2/shared-mlruns/team-three/mariusz/1/a9f374764e2c488ebff0006328d0a5fa/artifacts,2021-10-09 13:35:40.983000+00:00,2021-10-09 13:40:31.062000+00:00,0.7261543869972229,0.7261543869972229,0.6677000522613525,0.7353453040122986,0.6677000522613525,288.84802079200745,0.7234782576560974,0.7657515406608582,0.7132365107536316,0.7950255274772644,0.8389495015144348,0.7234782576560974,0.7353453040122986,0.7353453040122986,0.656853973865509,0.6683748960494995,0.7132365107536316,0.6683748960494995,1,500,64,10,"Embedding (max_top_words=500, max_opinion_length=40, embedding_vector_lengths=400, units=64, epochs=10, nobs=1)",40,LOCAL,"Embedding (max_top_words=500, max_opinion_length=40, embedding_vector_lengths=400, units=64, epochs=10, nobs=1)",jovyan,/opt/conda/lib/python3.8/site-packages/ipykernel_launcher.py
67,4de2eae7254d451a90c4ab723f90c26b,1,FINISHED,file:///home/jovyan/nlp2/shared-mlruns/team-three/mariusz/1/4de2eae7254d451a90c4ab723f90c26b/artifacts,2021-10-09 13:31:47.041000+00:00,2021-10-09 13:35:39.868000+00:00,0.7287369966506958,0.7287369966506958,0.6793361306190491,0.7396014928817749,0.6793361306190491,231.6983139514923,0.7356521487236023,0.7778048515319824,0.7251097559928894,0.7873247265815735,0.7867658138275146,0.7356521487236023,0.7396014928817749,0.7396014928817749,0.6434356570243835,0.6791218519210815,0.7251097559928894,0.6791218519210815,1,500,32,10,"Embedding (max_top_words=500, max_opinion_length=40, embedding_vector_lengths=400, units=32, epochs=10, nobs=1)",40,LOCAL,"Embedding (max_top_words=500, max_opinion_length=40, embedding_vector_lengths=400, units=32, epochs=10, nobs=1)",jovyan,/opt/conda/lib/python3.8/site-packages/ipykernel_launcher.py
68,fd3366f579014e58b8bc8e82e17961db,1,FINISHED,file:///home/jovyan/nlp2/shared-mlruns/team-three/mariusz/1/fd3366f579014e58b8bc8e82e17961db/artifacts,2021-10-09 13:28:56.883000+00:00,2021-10-09 13:31:46.019000+00:00,0.7327980995178223,0.7327980995178223,0.6351479887962341,0.748113751411438,0.6351479887962341,168.23445510864258,0.7165217399597168,0.7782120704650879,0.6987488865852356,0.8075109124183655,0.8317095637321472,0.7165217399597168,0.748113751411438,0.748113751411438,0.6244925856590271,0.6710625886917114,0.6987488865852356,0.6710625886917114,0,500,64,10,"Embedding (max_top_words=500, max_opinion_length=40, embedding_vector_lengths=500, units=64, epochs=10, nobs=0)",40,LOCAL,"Embedding (max_top_words=500, max_opinion_length=40, embedding_vector_lengths=500, units=64, epochs=10, nobs=0)",jovyan,/opt/conda/lib/python3.8/site-packages/ipykernel_launcher.py
69,000df28112e6490785a11a7c8df8704f,1,FINISHED,file:///home/jovyan/nlp2/shared-mlruns/team-three/mariusz/1/000df28112e6490785a11a7c8df8704f/artifacts,2021-10-09 13:26:45.510000+00:00,2021-10-09 13:28:55.893000+00:00,0.7263781428337097,0.7263781428337097,0.6115451455116272,0.7380537986755371,0.6324611306190491,129.4916775226593,0.6660869717597961,0.7664362788200378,0.6801722645759583,0.7940043210983276,0.803053081035614,0.6660869717597961,0.7380537986755371,0.7380537986755371,0.6509450674057007,0.6694909930229187,0.6900892853736877,0.6694909930229187,0,500,32,10,"Embedding (max_top_words=500, max_opinion_length=40, embedding_vector_lengths=500, units=32, epochs=10, nobs=0)",40,LOCAL,"Embedding (max_top_words=500, max_opinion_length=40, embedding_vector_lengths=500, units=32, epochs=10, nobs=0)",jovyan,/opt/conda/lib/python3.8/site-packages/ipykernel_launcher.py
70,e3585acb49c64abc9a664e920c609cfb,1,FINISHED,file:///home/jovyan/nlp2/shared-mlruns/team-three/mariusz/1/e3585acb49c64abc9a664e920c609cfb/artifacts,2021-10-09 13:24:09.632000+00:00,2021-10-09 13:26:44.473000+00:00,0.7365267872810364,0.7365267872810364,0.6664806604385376,0.7535306811332703,0.6664806604385376,151.92369484901428,0.7200000286102295,0.7601675987243652,0.7095758318901062,0.8023680448532104,0.7830088138580322,0.7200000286102295,0.7535306811332703,0.7535306811332703,0.6285914778709412,0.6810654997825623,0.7095758318901062,0.6810654997825623,0,500,64,10,"Embedding (max_top_words=500, max_opinion_length=40, embedding_vector_lengths=400, units=64, epochs=10, nobs=0)",40,LOCAL,"Embedding (max_top_words=500, max_opinion_length=40, embedding_vector_lengths=400, units=64, epochs=10, nobs=0)",jovyan,/opt/conda/lib/python3.8/site-packages/ipykernel_launcher.py
71,66ec8b3a003a452dbd1c628592ebd3c8,1,FINISHED,file:///home/jovyan/nlp2/shared-mlruns/team-three/mariusz/1/66ec8b3a003a452dbd1c628592ebd3c8/artifacts,2021-10-09 13:22:09.027000+00:00,2021-10-09 13:24:08.542000+00:00,0.7314847111701965,0.7314847111701965,0.5994957089424133,0.7529502511024475,0.6115451455116272,118.67422676086426,0.695652186870575,0.7651445865631104,0.6721989512443542,0.8148308992385864,0.7912750244140625,0.6904347538948059,0.7529502511024475,0.7529502511024475,0.6330547332763672,0.6641384363174438,0.6863325238227844,0.6641384363174438,0,500,32,10,"Embedding (max_top_words=500, max_opinion_length=40, embedding_vector_lengths=400, units=32, epochs=10, nobs=0)",40,LOCAL,"Embedding (max_top_words=500, max_opinion_length=40, embedding_vector_lengths=400, units=32, epochs=10, nobs=0)",jovyan,/opt/conda/lib/python3.8/site-packages/ipykernel_launcher.py
72,ca10ac86efb94b4eaec7f4c12525b2dc,1,FINISHED,file:///home/jovyan/nlp2/shared-mlruns/team-three/mariusz/1/ca10ac86efb94b4eaec7f4c12525b2dc/artifacts,2021-10-09 13:11:46.204000+00:00,2021-10-09 13:22:07.896000+00:00,0.7404782772064209,0.7408119440078735,0.7200314402580261,0.7488875985145569,0.7200314402580261,620.0558228492737,0.7599999904632568,0.7995541095733643,0.7575414776802063,0.7906924486160278,0.7995541095733643,0.7599999904632568,0.7488875985145569,0.7488875985145569,0.6231639385223389,0.7032426595687866,0.7575414776802063,0.7032426595687866,2,500,64,10,"Embedding (max_top_words=500, max_opinion_length=50, embedding_vector_lengths=500, units=64, epochs=10, nobs=2)",50,LOCAL,"Embedding (max_top_words=500, max_opinion_length=50, embedding_vector_lengths=500, units=64, epochs=10, nobs=2)",jovyan,/opt/conda/lib/python3.8/site-packages/ipykernel_launcher.py
73,85fcc18246074c00b4ac5ea178971a25,1,FINISHED,file:///home/jovyan/nlp2/shared-mlruns/team-three/mariusz/1/85fcc18246074c00b4ac5ea178971a25/artifacts,2021-10-09 13:03:51.409000+00:00,2021-10-09 13:11:45.121000+00:00,0.7335976362228394,0.7335976362228394,0.672908365726471,0.7415360808372498,0.672908365726471,472.1725797653198,0.730434775352478,0.7813751101493835,0.7230079770088196,0.7939730882644653,0.7824819684028625,0.730434775352478,0.7446314692497253,0.7415360808372498,0.6315897703170776,0.6857157945632935,0.7230079770088196,0.6857157945632935,2,500,32,10,"Embedding (max_top_words=500, max_opinion_length=50, embedding_vector_lengths=500, units=32, epochs=10, nobs=2)",50,LOCAL,"Embedding (max_top_words=500, max_opinion_length=50, embedding_vector_lengths=500, units=32, epochs=10, nobs=2)",jovyan,/opt/conda/lib/python3.8/site-packages/ipykernel_launcher.py
74,2ff3be682e2d4655a8db0706f6521997,1,FINISHED,file:///home/jovyan/nlp2/shared-mlruns/team-three/mariusz/1/2ff3be682e2d4655a8db0706f6521997/artifacts,2021-10-09 12:53:59.054000+00:00,2021-10-09 13:03:50.402000+00:00,0.7360627055168152,0.7360627055168152,0.7122189402580261,0.7479202747344971,0.7122189402580261,589.8322262763977,0.7513043284416199,0.7872114181518555,0.7477088570594788,0.791035532951355,0.795025646686554,0.7513043284416199,0.7479202747344971,0.7479202747344971,0.6350781917572021,0.6927007436752319,0.7477088570594788,0.6927007436752319,2,500,64,10,"Embedding (max_top_words=500, max_opinion_length=50, embedding_vector_lengths=400, units=64, epochs=10, nobs=2)",50,LOCAL,"Embedding (max_top_words=500, max_opinion_length=50, embedding_vector_lengths=400, units=64, epochs=10, nobs=2)",jovyan,/opt/conda/lib/python3.8/site-packages/ipykernel_launcher.py
75,5c67c7822e174be39322dbed8a19d662,1,FINISHED,file:///home/jovyan/nlp2/shared-mlruns/team-three/mariusz/1/5c67c7822e174be39322dbed8a19d662/artifacts,2021-10-09 12:46:31.987000+00:00,2021-10-09 12:53:58.052000+00:00,0.7368463277816772,0.7368463277816772,0.7147404551506042,0.748113751411438,0.7147404551506042,444.4957842826843,0.7565217614173889,0.7913365364074707,0.7510811686515808,0.7918093800544739,0.8535353541374207,0.7565217614173889,0.748113751411438,0.748113751411438,0.6300635933876038,0.6897891163825989,0.7510811686515808,0.6892500519752502,2,500,32,10,"Embedding (max_top_words=500, max_opinion_length=50, embedding_vector_lengths=400, units=32, epochs=10, nobs=2)",50,LOCAL,"Embedding (max_top_words=500, max_opinion_length=50, embedding_vector_lengths=400, units=32, epochs=10, nobs=2)",jovyan,/opt/conda/lib/python3.8/site-packages/ipykernel_launcher.py
76,bc51680fdcc741e7a136a86f11f69488,1,FINISHED,file:///home/jovyan/nlp2/shared-mlruns/team-three/mariusz/1/bc51680fdcc741e7a136a86f11f69488/artifacts,2021-10-09 12:40:14.463000+00:00,2021-10-09 12:46:30.982000+00:00,0.7448786497116089,0.7448786497116089,0.7055432200431824,0.7548848986625671,0.717509925365448,375.3312306404114,0.7513043284416199,0.7826743125915527,0.7419955730438232,0.7981812357902527,0.7840657234191895,0.7495652437210083,0.7548848986625671,0.7548848986625671,0.6142566204071045,0.7046890258789062,0.7440258860588074,0.7046890258789062,1,500,64,10,"Embedding (max_top_words=500, max_opinion_length=50, embedding_vector_lengths=500, units=64, epochs=10, nobs=1)",50,LOCAL,"Embedding (max_top_words=500, max_opinion_length=50, embedding_vector_lengths=500, units=64, epochs=10, nobs=1)",jovyan,/opt/conda/lib/python3.8/site-packages/ipykernel_launcher.py
77,c6893f86e77a43a38e3456e7e52ed54c,1,FINISHED,file:///home/jovyan/nlp2/shared-mlruns/team-three/mariusz/1/c6893f86e77a43a38e3456e7e52ed54c/artifacts,2021-10-09 12:35:22.669000+00:00,2021-10-09 12:40:13.427000+00:00,0.733823835849762,0.733823835849762,0.7081473469734192,0.7496614456176758,0.7081473469734192,289.6372175216675,0.7513043284416199,0.7840829491615295,0.7441734671592712,0.7941218018531799,0.8333333134651184,0.7513043284416199,0.7496614456176758,0.7496614456176758,0.6398877501487732,0.6837114095687866,0.7441734671592712,0.6837114095687866,1,500,32,10,"Embedding (max_top_words=500, max_opinion_length=50, embedding_vector_lengths=500, units=32, epochs=10, nobs=1)",50,LOCAL,"Embedding (max_top_words=500, max_opinion_length=50, embedding_vector_lengths=500, units=32, epochs=10, nobs=1)",jovyan,/opt/conda/lib/python3.8/site-packages/ipykernel_launcher.py
78,cda3abefa55e46d69c205d11c80546af,1,FINISHED,file:///home/jovyan/nlp2/shared-mlruns/team-three/mariusz/1/cda3abefa55e46d69c205d11c80546af/artifacts,2021-10-09 12:29:37.174000+00:00,2021-10-09 12:35:21.698000+00:00,0.743613600730896,0.743613600730896,0.7095320820808411,0.7467595338821411,0.7200314402580261,343.4040718078613,0.7426086664199829,0.8106345534324646,0.7564473748207092,0.7945145964622498,0.8106345534324646,0.7426086664199829,0.7485007047653198,0.7467595338821411,0.6288427114486694,0.6990897059440613,0.7564473748207092,0.6990897059440613,1,500,64,10,"Embedding (max_top_words=500, max_opinion_length=50, embedding_vector_lengths=400, units=64, epochs=10, nobs=1)",50,LOCAL,"Embedding (max_top_words=500, max_opinion_length=50, embedding_vector_lengths=400, units=64, epochs=10, nobs=1)",jovyan,/opt/conda/lib/python3.8/site-packages/ipykernel_launcher.py
79,004ab332cc0b448594cffc9397b54108,1,FINISHED,file:///home/jovyan/nlp2/shared-mlruns/team-three/mariusz/1/004ab332cc0b448594cffc9397b54108/artifacts,2021-10-09 12:25:09.548000+00:00,2021-10-09 12:29:36.157000+00:00,0.7333598136901855,0.7333598136901855,0.6740451455116272,0.7467595338821411,0.6740451455116272,265.52017426490784,0.7252174019813538,0.7757713198661804,0.7212077975273132,0.7955240607261658,0.7757713198661804,0.7200000286102295,0.7467595338821411,0.7467595338821411,0.6374925971031189,0.6807770133018494,0.7212077975273132,0.6807770133018494,1,500,32,10,"Embedding (max_top_words=500, max_opinion_length=50, embedding_vector_lengths=400, units=32, epochs=10, nobs=1)",50,LOCAL,"Embedding (max_top_words=500, max_opinion_length=50, embedding_vector_lengths=400, units=32, epochs=10, nobs=1)",jovyan,/opt/conda/lib/python3.8/site-packages/ipykernel_launcher.py
80,d10c4b3c26e04118a133b47812a55898,1,FINISHED,file:///home/jovyan/nlp2/shared-mlruns/team-three/mariusz/1/d10c4b3c26e04118a133b47812a55898/artifacts,2021-10-09 12:21:43.173000+00:00,2021-10-09 12:25:08.536000+00:00,0.7294226884841919,0.7294226884841919,0.6232638955116272,0.7382472157478333,0.6232638955116272,204.42496538162231,0.6817391514778137,0.7341721057891846,0.6740948557853699,0.7966002225875854,0.7546243071556091,0.6713043451309204,0.7382472157478333,0.7382472157478333,0.6485087275505066,0.6730252504348755,0.6822462677955627,0.6730252504348755,0,500,64,10,"Embedding (max_top_words=500, max_opinion_length=50, embedding_vector_lengths=500, units=64, epochs=10, nobs=0)",50,LOCAL,"Embedding (max_top_words=500, max_opinion_length=50, embedding_vector_lengths=500, units=64, epochs=10, nobs=0)",jovyan,/opt/conda/lib/python3.8/site-packages/ipykernel_launcher.py
81,735c4b6206d24fb0b735ed9c81c2f350,1,FINISHED,file:///home/jovyan/nlp2/shared-mlruns/team-three/mariusz/1/735c4b6206d24fb0b735ed9c81c2f350/artifacts,2021-10-09 12:19:03.648000+00:00,2021-10-09 12:21:42.142000+00:00,0.7317011952400208,0.7317011952400208,0.5708498954772949,0.7417295575141907,0.5799644589424133,155.9287874698639,0.6608695387840271,0.7666897773742676,0.6537628173828125,0.8102923631668091,0.7685532569885254,0.6608695387840271,0.7417295575141907,0.7417295575141907,0.6510153412818909,0.6675283908843994,0.6547265648841858,0.6675283908843994,0,500,32,10,"Embedding (max_top_words=500, max_opinion_length=50, embedding_vector_lengths=500, units=32, epochs=10, nobs=0)",50,LOCAL,"Embedding (max_top_words=500, max_opinion_length=50, embedding_vector_lengths=500, units=32, epochs=10, nobs=0)",jovyan,/opt/conda/lib/python3.8/site-packages/ipykernel_launcher.py
82,817c57b20bcf448196f0046da04c752f,1,FINISHED,file:///home/jovyan/nlp2/shared-mlruns/team-three/mariusz/1/817c57b20bcf448196f0046da04c752f/artifacts,2021-10-09 12:15:49.431000+00:00,2021-10-09 12:19:02.619000+00:00,0.7271698713302612,0.728854775428772,0.6272528171539307,0.7450183629989624,0.6388888955116272,192.28150248527527,0.6939130425453186,0.7669182419776917,0.6899213790893555,0.8071963787078857,0.7797955870628357,0.6939130425453186,0.7450183629989624,0.7450183629989624,0.6406390070915222,0.6648634672164917,0.693183958530426,0.6633108854293823,0,500,64,10,"Embedding (max_top_words=500, max_opinion_length=50, embedding_vector_lengths=400, units=64, epochs=10, nobs=0)",50,LOCAL,"Embedding (max_top_words=500, max_opinion_length=50, embedding_vector_lengths=400, units=64, epochs=10, nobs=0)",jovyan,/opt/conda/lib/python3.8/site-packages/ipykernel_launcher.py
83,208d464dca7044a2a79d2275175aab1e,1,FINISHED,file:///home/jovyan/nlp2/shared-mlruns/team-three/mariusz/1/208d464dca7044a2a79d2275175aab1e/artifacts,2021-10-09 12:13:24.073000+00:00,2021-10-09 12:15:48.429000+00:00,0.7278403639793396,0.7278403639793396,0.649470865726471,0.7349584102630615,0.649470865726471,143.4271104335785,0.678260862827301,0.7431686520576477,0.6930718421936035,0.7939096093177795,0.7865546345710754,0.6626086831092834,0.7349584102630615,0.7349584102630615,0.6719709634780884,0.6721786856651306,0.6930718421936035,0.6721786856651306,0,500,32,10,"Embedding (max_top_words=500, max_opinion_length=50, embedding_vector_lengths=400, units=32, epochs=10, nobs=0)",50,LOCAL,"Embedding (max_top_words=500, max_opinion_length=50, embedding_vector_lengths=400, units=32, epochs=10, nobs=0)",jovyan,/opt/conda/lib/python3.8/site-packages/ipykernel_launcher.py
84,10964550aa4a41e39ab6d2578e4860fa,1,FINISHED,file:///home/jovyan/nlp2/shared-mlruns/team-three/mariusz/1/10964550aa4a41e39ab6d2578e4860fa/artifacts,2021-10-09 12:01:03.901000+00:00,2021-10-09 12:13:23.051000+00:00,0.7467694878578186,0.7467694878578186,0.7291460037231445,0.756819486618042,0.7291460037231445,737.5861525535583,0.7565217614173889,0.7962247729301453,0.7610611319541931,0.793476402759552,0.7962247729301453,0.7565217614173889,0.756819486618042,0.756819486618042,0.6135438084602356,0.7056608200073242,0.7610611319541931,0.7056608200073242,2,500,64,10,"Embedding (max_top_words=500, max_opinion_length=60, embedding_vector_lengths=500, units=64, epochs=10, nobs=2)",60,LOCAL,"Embedding (max_top_words=500, max_opinion_length=60, embedding_vector_lengths=500, units=64, epochs=10, nobs=2)",jovyan,/opt/conda/lib/python3.8/site-packages/ipykernel_launcher.py
85,d586a982bfa7430fbfd08325afdbcf7f,1,FINISHED,file:///home/jovyan/nlp2/shared-mlruns/team-three/mariusz/1/d586a982bfa7430fbfd08325afdbcf7f/artifacts,2021-10-09 11:51:49.433000+00:00,2021-10-09 12:01:02.859000+00:00,0.7346188426017761,0.7346188426017761,0.7003348469734192,0.7512091398239136,0.7003348469734192,551.8559260368347,0.7513043284416199,0.7810824513435364,0.7384423613548279,0.8018471598625183,0.8086090087890625,0.7513043284416199,0.7512091398239136,0.7512091398239136,0.6330747604370117,0.680321455001831,0.7384423613548279,0.680321455001831,2,500,32,10,"Embedding (max_top_words=500, max_opinion_length=60, embedding_vector_lengths=500, units=32, epochs=10, nobs=2)",60,LOCAL,"Embedding (max_top_words=500, max_opinion_length=60, embedding_vector_lengths=500, units=32, epochs=10, nobs=2)",jovyan,/opt/conda/lib/python3.8/site-packages/ipykernel_launcher.py
86,3374d9949da640b99286a11399b4274b,1,FINISHED,file:///home/jovyan/nlp2/shared-mlruns/team-three/mariusz/1/3374d9949da640b99286a11399b4274b/artifacts,2021-10-09 11:40:10.224000+00:00,2021-10-09 11:51:48.417000+00:00,0.7502314448356628,0.7502314448356628,0.7461557388305664,0.7591410279273987,0.7475404739379883,696.6002352237701,0.7669565081596375,0.7962331771850586,0.7703356146812439,0.7978733777999878,0.8251835703849792,0.7652173638343811,0.7591410279273987,0.7591410279273987,0.6103648543357849,0.7119244933128357,0.7703356146812439,0.708037257194519,2,500,64,10,"Embedding (max_top_words=500, max_opinion_length=60, embedding_vector_lengths=400, units=64, epochs=10, nobs=2)",60,LOCAL,"Embedding (max_top_words=500, max_opinion_length=60, embedding_vector_lengths=400, units=64, epochs=10, nobs=2)",jovyan,/opt/conda/lib/python3.8/site-packages/ipykernel_launcher.py
87,9b272598305e4ab885066067aeb66376,1,FINISHED,file:///home/jovyan/nlp2/shared-mlruns/team-three/mariusz/1/9b272598305e4ab885066067aeb66376/artifacts,2021-10-09 11:31:31.612000+00:00,2021-10-09 11:40:09.224000+00:00,0.7381167411804199,0.7381167411804199,0.6964285969734192,0.7483072280883789,0.6964285969734192,514.9450528621674,0.7513043284416199,0.8000181317329407,0.7445958256721497,0.794304609298706,0.8000181317329407,0.7513043284416199,0.7483072280883789,0.7483072280883789,0.627046525478363,0.6896637678146362,0.7445958256721497,0.6896637678146362,2,500,32,10,"Embedding (max_top_words=500, max_opinion_length=60, embedding_vector_lengths=400, units=32, epochs=10, nobs=2)",60,LOCAL,"Embedding (max_top_words=500, max_opinion_length=60, embedding_vector_lengths=400, units=32, epochs=10, nobs=2)",jovyan,/opt/conda/lib/python3.8/site-packages/ipykernel_launcher.py
88,c65a5bfd1fa140f89fd1b8e218ecd87a,1,FINISHED,file:///home/jovyan/nlp2/shared-mlruns/team-three/mariusz/1/c65a5bfd1fa140f89fd1b8e218ecd87a/artifacts,2021-10-09 11:24:09.124000+00:00,2021-10-09 11:31:30.617000+00:00,0.7381163835525513,0.7381163835525513,0.6795015335083008,0.7494679689407349,0.6964285969734192,440.38489842414856,0.7443478107452393,0.7807610034942627,0.7265041470527649,0.807691752910614,0.79986172914505,0.7321739196777344,0.7494679689407349,0.7494679689407349,0.620413601398468,0.6894360780715942,0.7410435080528259,0.6894360780715942,1,500,64,10,"Embedding (max_top_words=500, max_opinion_length=60, embedding_vector_lengths=500, units=64, epochs=10, nobs=1)",60,LOCAL,"Embedding (max_top_words=500, max_opinion_length=60, embedding_vector_lengths=500, units=64, epochs=10, nobs=1)",jovyan,/opt/conda/lib/python3.8/site-packages/ipykernel_launcher.py
89,772b0bccdd184d5ebf0f7a1cf400adbc,1,FINISHED,file:///home/jovyan/nlp2/shared-mlruns/team-three/mariusz/1/772b0bccdd184d5ebf0f7a1cf400adbc/artifacts,2021-10-09 11:18:25.172000+00:00,2021-10-09 11:24:08.138000+00:00,0.7272154688835144,0.7272154688835144,0.6650132536888123,0.7415360808372498,0.6650132536888123,341.835622549057,0.7373912930488586,0.7841534614562988,0.7195680737495422,0.8012707829475403,0.7841534614562988,0.7373912930488586,0.7415360808372498,0.7415360808372498,0.6374847292900085,0.6659150123596191,0.7195680737495422,0.6659150123596191,1,500,32,10,"Embedding (max_top_words=500, max_opinion_length=60, embedding_vector_lengths=500, units=32, epochs=10, nobs=1)",60,LOCAL,"Embedding (max_top_words=500, max_opinion_length=60, embedding_vector_lengths=500, units=32, epochs=10, nobs=1)",jovyan,/opt/conda/lib/python3.8/site-packages/ipykernel_launcher.py
90,cda68d34d50a48898fecfc0db70b9ad4,1,FINISHED,file:///home/jovyan/nlp2/shared-mlruns/team-three/mariusz/1/cda68d34d50a48898fecfc0db70b9ad4/artifacts,2021-10-09 11:11:43.075000+00:00,2021-10-09 11:18:24.106000+00:00,0.7268508076667786,0.7268508076667786,0.6677827835083008,0.7384406924247742,0.6677827835083008,399.80764842033386,0.7286956310272217,0.7727634310722351,0.716206967830658,0.7933419346809387,0.8255884051322937,0.7165217399597168,0.7384406924247742,0.7384406924247742,0.6417152285575867,0.6750713586807251,0.716206967830658,0.6750713586807251,1,500,64,10,"Embedding (max_top_words=500, max_opinion_length=60, embedding_vector_lengths=400, units=64, epochs=10, nobs=1)",60,LOCAL,"Embedding (max_top_words=500, max_opinion_length=60, embedding_vector_lengths=400, units=64, epochs=10, nobs=1)",jovyan,/opt/conda/lib/python3.8/site-packages/ipykernel_launcher.py
91,95c56ecca2de4390ac8cac1619bbe603,1,FINISHED,file:///home/jovyan/nlp2/shared-mlruns/team-three/mariusz/1/95c56ecca2de4390ac8cac1619bbe603/artifacts,2021-10-09 11:06:24.685000+00:00,2021-10-09 11:11:42.019000+00:00,0.716107189655304,0.716107189655304,0.6531291604042053,0.738827645778656,0.6531291604042053,315.94551277160645,0.7339130640029907,0.7872913479804993,0.7139365077018738,0.7896144390106201,0.7872913479804993,0.7339130640029907,0.738827645778656,0.738827645778656,0.6665380001068115,0.6553958654403687,0.7139365077018738,0.6553958654403687,1,500,32,10,"Embedding (max_top_words=500, max_opinion_length=60, embedding_vector_lengths=400, units=32, epochs=10, nobs=1)",60,LOCAL,"Embedding (max_top_words=500, max_opinion_length=60, embedding_vector_lengths=400, units=32, epochs=10, nobs=1)",jovyan,/opt/conda/lib/python3.8/site-packages/ipykernel_launcher.py
92,31028ecc9e4b45c7a579aa2ded840200,1,FINISHED,file:///home/jovyan/nlp2/shared-mlruns/team-three/mariusz/1/31028ecc9e4b45c7a579aa2ded840200/artifacts,2021-10-09 11:02:16.987000+00:00,2021-10-09 11:06:23.518000+00:00,0.7141121625900269,0.7189610004425049,0.6258680820465088,0.7256723046302795,0.6389715671539307,245.53675484657288,0.6834782361984253,0.7637338042259216,0.6876406669616699,0.7990288734436035,0.7637338042259216,0.678260862827301,0.7256723046302795,0.7256723046302795,0.6784253120422363,0.6599019169807434,0.6927198767662048,0.6458257436752319,0,500,64,10,"Embedding (max_top_words=500, max_opinion_length=60, embedding_vector_lengths=500, units=64, epochs=10, nobs=0)",60,LOCAL,"Embedding (max_top_words=500, max_opinion_length=60, embedding_vector_lengths=500, units=64, epochs=10, nobs=0)",jovyan,/opt/conda/lib/python3.8/site-packages/ipykernel_launcher.py
93,bb488223a1344085a1edb5a18967b34c,1,FINISHED,file:///home/jovyan/nlp2/shared-mlruns/team-three/mariusz/1/bb488223a1344085a1edb5a18967b34c/artifacts,2021-10-09 10:59:05.539000+00:00,2021-10-09 11:02:15.814000+00:00,0.7023525238037109,0.7023525238037109,0.5918485522270203,0.7250918745994568,0.5918485522270203,189.37382912635803,0.6765217185020447,0.7358317375183105,0.655971109867096,0.7926018238067627,0.7423610687255859,0.6730434894561768,0.7250918745994568,0.7250918745994568,0.6997608542442322,0.6310282945632935,0.655971109867096,0.6310282945632935,0,500,32,10,"Embedding (max_top_words=500, max_opinion_length=60, embedding_vector_lengths=500, units=32, epochs=10, nobs=0)",60,LOCAL,"Embedding (max_top_words=500, max_opinion_length=60, embedding_vector_lengths=500, units=32, epochs=10, nobs=0)",jovyan,/opt/conda/lib/python3.8/site-packages/ipykernel_launcher.py
94,cb2cb375b1354212a8c68ea2089595be,1,FINISHED,file:///home/jovyan/nlp2/shared-mlruns/team-three/mariusz/1/cb2cb375b1354212a8c68ea2089595be/artifacts,2021-10-09 10:55:29.942000+00:00,2021-10-09 10:59:04.405000+00:00,0.7169569134712219,0.7169569134712219,0.6258680820465088,0.7245115041732788,0.6362847685813904,213.53472185134888,0.6713043451309204,0.7417340278625488,0.6787004470825195,0.7911503314971924,0.743641197681427,0.6713043451309204,0.7245115041732788,0.7245115041732788,0.6794140934944153,0.6576279997825623,0.680188000202179,0.6562841534614563,0,500,64,10,"Embedding (max_top_words=500, max_opinion_length=60, embedding_vector_lengths=400, units=64, epochs=10, nobs=0)",60,LOCAL,"Embedding (max_top_words=500, max_opinion_length=60, embedding_vector_lengths=400, units=64, epochs=10, nobs=0)",jovyan,/opt/conda/lib/python3.8/site-packages/ipykernel_launcher.py
95,288c318bc6ad4a0bb09c02a4ebf44f16,1,FINISHED,file:///home/jovyan/nlp2/shared-mlruns/team-three/mariusz/1/288c318bc6ad4a0bb09c02a4ebf44f16/artifacts,2021-10-09 10:52:43.280000+00:00,2021-10-09 10:55:28.816000+00:00,0.7219951748847961,0.7219951748847961,0.6153687238693237,0.73070228099823,0.6284722685813904,164.296865940094,0.7008695602416992,0.7701846957206726,0.6839644312858582,0.802156925201416,0.7701846957206726,0.7008695602416992,0.73070228099823,0.73070228099823,0.6608095765113831,0.6568421721458435,0.6839644312858582,0.6568421721458435,0,500,32,10,"Embedding (max_top_words=500, max_opinion_length=60, embedding_vector_lengths=400, units=32, epochs=10, nobs=0)",60,LOCAL,"Embedding (max_top_words=500, max_opinion_length=60, embedding_vector_lengths=400, units=32, epochs=10, nobs=0)",jovyan,/opt/conda/lib/python3.8/site-packages/ipykernel_launcher.py
