Run ID,Name,Source Type,Source Name,User,Status,epoch,max_opinion_length,max_top_words,model,nob,unit,calc_time,loss,train_accuracy_curr,train_accuracy_max,train_f1_curr,train_f1_max,train_precision_curr,train_precision_max,train_recall_curr,train_recall_max,val_accuracy_curr,val_accuracy_max,val_f1_curr,val_f1_max,val_precision_curr,val_precision_max,val_recall_curr,val_recall_max
2532a2487661406ea1afad8bc0315fc4,"Embedding (max_top_words=300, max_opinion_length=10, embedding_vector_lengths=500, units=64, epochs=10, nobs=2)",LOCAL,/opt/conda/lib/python3.8/site-packages/ipykernel_launcher.py,jovyan,RUNNING,,,,,,,,,,,,,,,,,,,,,,,,
5f476644fa5e4b6db14c4fda0da2b28e,"Embedding (max_top_words=300, max_opinion_length=10, embedding_vector_lengths=500, units=32, epochs=10, nobs=2)",LOCAL,/opt/conda/lib/python3.8/site-packages/ipykernel_launcher.py,jovyan,FINISHED,10,10,300,"Embedding (max_top_words=300, max_opinion_length=10, embedding_vector_lengths=500, units=32, epochs=10, nobs=2)",2,32,143.10168051719666,0.8997166156768799,0.6153994798660278,0.6153994798660278,0.5772974491119385,0.5777565240859985,0.6153994798660278,0.7117546200752258,0.4905247986316681,0.4905247986316681,0.5808695554733276,0.5843478441238403,0.5251197218894958,0.5317258834838867,0.6939285397529602,0.731313169002533,0.4228050708770752,0.4295634925365448
28c7277431ab457fbfebaa3ef61d1dcd,"Embedding (max_top_words=300, max_opinion_length=10, embedding_vector_lengths=400, units=64, epochs=10, nobs=2)",LOCAL,/opt/conda/lib/python3.8/site-packages/ipykernel_launcher.py,jovyan,FINISHED,10,10,300,"Embedding (max_top_words=300, max_opinion_length=10, embedding_vector_lengths=400, units=64, epochs=10, nobs=2)",2,64,169.54579138755798,0.9043619632720947,0.6105629801750183,0.6105629801750183,0.5670976042747498,0.5670976042747498,0.6105629801750183,0.7004365921020508,0.4778531789779663,0.4778531789779663,0.5704348087310791,0.5773913264274597,0.5328416228294373,0.5374967455863953,0.6857306361198425,0.7212112545967102,0.4359912574291229,0.4386780560016632
ec71038eedd245a49259949853f0c9c0,"Embedding (max_top_words=300, max_opinion_length=10, embedding_vector_lengths=400, units=32, epochs=10, nobs=2)",LOCAL,/opt/conda/lib/python3.8/site-packages/ipykernel_launcher.py,jovyan,FINISHED,10,10,300,"Embedding (max_top_words=300, max_opinion_length=10, embedding_vector_lengths=400, units=32, epochs=10, nobs=2)",2,32,130.96716237068176,0.9131224155426025,0.6094021797180176,0.6099826097488403,0.5626972913742065,0.5626972913742065,0.6094021797180176,0.7037237882614136,0.4733889102935791,0.4733889102935791,0.5791304111480713,0.5791304111480713,0.5062182545661926,0.5162891149520874,0.6722859740257263,0.7110281586647034,0.4069320261478424,0.416294664144516
82f30e86e3874bb5b0ee0a1f4d2a93fd,"Embedding (max_top_words=300, max_opinion_length=10, embedding_vector_lengths=500, units=64, epochs=10, nobs=1)",LOCAL,/opt/conda/lib/python3.8/site-packages/ipykernel_launcher.py,jovyan,FINISHED,10,10,300,"Embedding (max_top_words=300, max_opinion_length=10, embedding_vector_lengths=500, units=64, epochs=10, nobs=1)",1,64,103.68663167953491,0.8903226256370544,0.6217837333679199,0.6217837333679199,0.5701830983161926,0.5706318020820618,0.6217837333679199,0.7075974345207214,0.48147091269493103,0.4819454550743103,0.5704348087310791,0.5895652174949646,0.5109609961509705,0.5536444783210754,0.6770691871643066,0.720651388168335,0.41092097759246826,0.4610615074634552
737165bbc85c47edade1b7479ae6fac8,"Embedding (max_top_words=300, max_opinion_length=10, embedding_vector_lengths=500, units=32, epochs=10, nobs=1)",LOCAL,/opt/conda/lib/python3.8/site-packages/ipykernel_launcher.py,jovyan,FINISHED,10,10,300,"Embedding (max_top_words=300, max_opinion_length=10, embedding_vector_lengths=500, units=32, epochs=10, nobs=1)",1,32,90.975594997406,0.8766812682151794,0.6306829452514648,0.6306829452514648,0.5833929777145386,0.5833929777145386,0.6306829452514648,0.7186055183410645,0.491515576839447,0.491515576839447,0.5773913264274597,0.5930435061454773,0.5503677129745483,0.5503677129745483,0.6977186799049377,0.7229200005531311,0.45446839928627014,0.45446839928627014
fbfe9b49d3be41859734fac75301a152,"Embedding (max_top_words=300, max_opinion_length=10, embedding_vector_lengths=400, units=64, epochs=10, nobs=1)",LOCAL,/opt/conda/lib/python3.8/site-packages/ipykernel_launcher.py,jovyan,FINISHED,10,10,300,"Embedding (max_top_words=300, max_opinion_length=10, embedding_vector_lengths=400, units=64, epochs=10, nobs=1)",1,64,101.96913242340088,0.8965376615524292,0.6111433506011963,0.613464891910553,0.5642298460006714,0.564738392829895,0.6111433506011963,0.7027459144592285,0.47380271553993225,0.47380271553993225,0.582608699798584,0.582608699798584,0.5075778365135193,0.535612165927887,0.6902362704277039,0.7383536696434021,0.40180638432502747,0.42809605598449707
74bde201c63844ac99ff8881cf981db8,"Embedding (max_top_words=300, max_opinion_length=10, embedding_vector_lengths=400, units=32, epochs=10, nobs=1)",LOCAL,/opt/conda/lib/python3.8/site-packages/ipykernel_launcher.py,jovyan,FINISHED,10,10,300,"Embedding (max_top_words=300, max_opinion_length=10, embedding_vector_lengths=400, units=32, epochs=10, nobs=1)",1,32,86.9309709072113,0.9011279940605164,0.6086283326148987,0.6144322156906128,0.5589954853057861,0.5678914189338684,0.6086283326148987,0.7048987150192261,0.46878036856651306,0.4760158658027649,0.5791304111480713,0.5878260731697083,0.5114259719848633,0.5347025394439697,0.70133376121521,0.7353157997131348,0.40319111943244934,0.43876075744628906
14f9b93559c943298e599b9921d44a49,"Embedding (max_top_words=300, max_opinion_length=10, embedding_vector_lengths=500, units=64, epochs=10, nobs=0)",LOCAL,/opt/conda/lib/python3.8/site-packages/ipykernel_launcher.py,jovyan,FINISHED,10,10,300,"Embedding (max_top_words=300, max_opinion_length=10, embedding_vector_lengths=500, units=64, epochs=10, nobs=0)",0,64,62.199782609939575,0.8449670672416687,0.6407428979873657,0.6417102217674255,0.6045079231262207,0.6045079231262207,0.6407428979873657,0.7243058085441589,0.5244396924972534,0.5244396924972534,0.5652173757553101,0.5686956644058228,0.5205770134925842,0.5311260223388672,0.6621838212013245,0.7791957259178162,0.42923280596733093,0.43200230598449707
baf7b837886b41599fa9116d87a4f354,"Embedding (max_top_words=300, max_opinion_length=10, embedding_vector_lengths=500, units=32, epochs=10, nobs=0)",LOCAL,/opt/conda/lib/python3.8/site-packages/ipykernel_launcher.py,jovyan,FINISHED,10,10,300,"Embedding (max_top_words=300, max_opinion_length=10, embedding_vector_lengths=500, units=32, epochs=10, nobs=0)",0,32,62.827728033065796,0.8513152003288269,0.6413232684135437,0.6413232684135437,0.6045669913291931,0.6045669913291931,0.6413232684135437,0.7154404520988464,0.5244206786155701,0.5244206786155701,0.5773913264274597,0.5773913264274597,0.5190960168838501,0.522473156452179,0.6661343574523926,0.7307692170143127,0.42532655596733093,0.42532655596733093
2cee38ea49ad47c19c2a7952ae5c6f35,"Embedding (max_top_words=300, max_opinion_length=10, embedding_vector_lengths=400, units=64, epochs=10, nobs=0)",LOCAL,/opt/conda/lib/python3.8/site-packages/ipykernel_launcher.py,jovyan,FINISHED,10,10,300,"Embedding (max_top_words=300, max_opinion_length=10, embedding_vector_lengths=400, units=64, epochs=10, nobs=0)",0,64,60.37286877632141,0.8582183122634888,0.6306829452514648,0.6331979036331177,0.5951982140541077,0.5951982140541077,0.6306829452514648,0.722005307674408,0.5075353980064392,0.5075353980064392,0.5721738934516907,0.5860869288444519,0.5052955150604248,0.5154955387115479,0.6592927575111389,0.7571022510528564,0.40970155596733093,0.40970155596733093
aefbf0defa004978a6ad5e09e116ea4a,"Embedding (max_top_words=300, max_opinion_length=10, embedding_vector_lengths=400, units=32, epochs=10, nobs=0)",LOCAL,/opt/conda/lib/python3.8/site-packages/ipykernel_launcher.py,jovyan,FINISHED,10,10,300,"Embedding (max_top_words=300, max_opinion_length=10, embedding_vector_lengths=400, units=32, epochs=10, nobs=0)",0,32,47.61215686798096,0.8675141334533691,0.6341652274131775,0.6359063386917114,0.5940847396850586,0.5940847396850586,0.6341652274131775,0.7200578451156616,0.5082566142082214,0.5082566142082214,0.5721738934516907,0.573913037776947,0.5050514340400696,0.5283475518226624,0.6915092468261719,0.7002770900726318,0.39790013432502747,0.428261399269104
e050b443b156486ebfeeb653894f0c6a,"Embedding (max_top_words=300, max_opinion_length=40, embedding_vector_lengths=500, units=64, epochs=10, nobs=2)",LOCAL,/opt/conda/lib/python3.8/site-packages/ipykernel_launcher.py,jovyan,FINISHED,10,40,300,"Embedding (max_top_words=300, max_opinion_length=40, embedding_vector_lengths=500, units=64, epochs=10, nobs=2)",2,64,628.1856224536896,0.6635575890541077,0.7272199392318726,0.7272199392318726,0.7096419930458069,0.7096419930458069,0.7272199392318726,0.7690162658691406,0.6639296412467957,0.6639296412467957,0.7130434513092041,0.7252174019813538,0.7177131772041321,0.7284495830535889,0.7689645290374756,0.9111111164093018,0.6730737686157227,0.6824362874031067
dce165a3e8d944f090cbeec72dd82325,"Embedding (max_top_words=300, max_opinion_length=40, embedding_vector_lengths=500, units=32, epochs=10, nobs=2)",LOCAL,/opt/conda/lib/python3.8/site-packages/ipykernel_launcher.py,jovyan,FINISHED,10,40,300,"Embedding (max_top_words=300, max_opinion_length=40, embedding_vector_lengths=500, units=32, epochs=10, nobs=2)",2,32,426.439083814621,0.6788004040718079,0.723544180393219,0.723544180393219,0.7142494916915894,0.7142494916915894,0.723544180393219,0.7752209901809692,0.6666401028633118,0.6666401028633118,0.7113043665885925,0.7165217399597168,0.7247347235679626,0.7247347235679626,0.7734146118164062,0.8066205978393555,0.6822710037231445,0.6822710037231445
d7c4b5e092784d0b9f90eba0a52418b4,"Embedding (max_top_words=300, max_opinion_length=40, embedding_vector_lengths=400, units=64, epochs=10, nobs=2)",LOCAL,/opt/conda/lib/python3.8/site-packages/ipykernel_launcher.py,jovyan,FINISHED,10,40,300,"Embedding (max_top_words=300, max_opinion_length=40, embedding_vector_lengths=400, units=64, epochs=10, nobs=2)",2,64,517.2107417583466,0.6695184111595154,0.7241246104240417,0.7241246104240417,0.7127111554145813,0.7127111554145813,0.7241246104240417,0.7755222320556641,0.6634968519210815,0.6634968519210815,0.7095652222633362,0.7252174019813538,0.7263792157173157,0.7328500747680664,0.787180483341217,0.829435408115387,0.6743758320808411,0.6929357051849365
ff0dd0ab45bd4a108c3204dd21f050ab,"Embedding (max_top_words=300, max_opinion_length=40, embedding_vector_lengths=400, units=32, epochs=10, nobs=2)",LOCAL,/opt/conda/lib/python3.8/site-packages/ipykernel_launcher.py,jovyan,FINISHED,10,40,300,"Embedding (max_top_words=300, max_opinion_length=40, embedding_vector_lengths=400, units=32, epochs=10, nobs=2)",2,32,396.55300283432007,0.6910126209259033,0.7158057689666748,0.7158057689666748,0.7005866169929504,0.7005866169929504,0.7158057689666748,0.7746122479438782,0.6495459675788879,0.6495459675788879,0.7095652222633362,0.730434775352478,0.7179047465324402,0.7179047465324402,0.7745254039764404,0.9190475940704346,0.670634925365448,0.670634925365448
5fedbf829ff141fd94e1751d2bc0a18e,"Embedding (max_top_words=300, max_opinion_length=40, embedding_vector_lengths=500, units=64, epochs=10, nobs=1)",LOCAL,/opt/conda/lib/python3.8/site-packages/ipykernel_launcher.py,jovyan,FINISHED,10,40,300,"Embedding (max_top_words=300, max_opinion_length=40, embedding_vector_lengths=500, units=64, epochs=10, nobs=1)",1,64,336.3905885219574,0.6550038456916809,0.7318630218505859,0.7318630218505859,0.7186599969863892,0.7186599969863892,0.7318630218505859,0.7764792442321777,0.6707513332366943,0.6707513332366943,0.7095652222633362,0.7200000286102295,0.7254506945610046,0.7268416285514832,0.7920436263084412,0.8702702522277832,0.6692501902580261,0.6757605671882629
0ecd760ce0a94c309148acf769347723,"Embedding (max_top_words=300, max_opinion_length=40, embedding_vector_lengths=500, units=32, epochs=10, nobs=1)",LOCAL,/opt/conda/lib/python3.8/site-packages/ipykernel_launcher.py,jovyan,FINISHED,10,40,300,"Embedding (max_top_words=300, max_opinion_length=40, embedding_vector_lengths=500, units=32, epochs=10, nobs=1)",1,32,263.621689081192,0.6708947420120239,0.7233507633209229,0.7283807396888733,0.7088961005210876,0.7149684429168701,0.7233507633209229,0.7795420289039612,0.6570471525192261,0.664077639579773,0.7078260779380798,0.7252174019813538,0.7290363907814026,0.7290363907814026,0.7725896835327148,0.8125,0.690166175365448,0.690166175365448
9a04a02a78fc46b8bde5c8ba14df90f2,"Embedding (max_top_words=300, max_opinion_length=40, embedding_vector_lengths=400, units=64, epochs=10, nobs=1)",LOCAL,/opt/conda/lib/python3.8/site-packages/ipykernel_launcher.py,jovyan,FINISHED,10,40,300,"Embedding (max_top_words=300, max_opinion_length=40, embedding_vector_lengths=400, units=64, epochs=10, nobs=1)",1,64,308.31189703941345,0.6726354956626892,0.7239311337471008,0.7245115041732788,0.7092683911323547,0.7098368406295776,0.7239311337471008,0.7757646441459656,0.6592186093330383,0.6592186093330383,0.7234782576560974,0.7234782576560974,0.728966236114502,0.7321344017982483,0.7761244773864746,0.8777777552604675,0.6874793171882629,0.6874793171882629
5ce42fbf95fb4faca539ec091481ead8,"Embedding (max_top_words=300, max_opinion_length=40, embedding_vector_lengths=400, units=32, epochs=10, nobs=1)",LOCAL,/opt/conda/lib/python3.8/site-packages/ipykernel_launcher.py,jovyan,FINISHED,10,40,300,"Embedding (max_top_words=300, max_opinion_length=40, embedding_vector_lengths=400, units=32, epochs=10, nobs=1)",1,32,256.3180208206177,0.67873215675354,0.722963809967041,0.722963809967041,0.7102224826812744,0.7102224826812744,0.722963809967041,0.7649306058883667,0.6631665825843811,0.6631665825843811,0.7043478488922119,0.7269565463066101,0.728934109210968,0.7298035621643066,0.7779372334480286,0.8045834898948669,0.6864252686500549,0.6864252686500549
cbe578a6131c4d1cb69c71542c34e048,"Embedding (max_top_words=300, max_opinion_length=40, embedding_vector_lengths=500, units=64, epochs=10, nobs=0)",LOCAL,/opt/conda/lib/python3.8/site-packages/ipykernel_launcher.py,jovyan,FINISHED,10,40,300,"Embedding (max_top_words=300, max_opinion_length=40, embedding_vector_lengths=500, units=64, epochs=10, nobs=0)",0,64,195.75891709327698,0.6507714986801147,0.7361191511154175,0.7361191511154175,0.7258428931236267,0.7258428931236267,0.7361191511154175,0.7886456251144409,0.681107223033905,0.681107223033905,0.7165217399597168,0.7165217399597168,0.7256667017936707,0.7256667017936707,0.7964912056922913,0.8200511932373047,0.666728675365448,0.666728675365448
302455761c2449cda45b21dead4e4944,"Embedding (max_top_words=300, max_opinion_length=40, embedding_vector_lengths=500, units=32, epochs=10, nobs=0)",LOCAL,/opt/conda/lib/python3.8/site-packages/ipykernel_launcher.py,jovyan,FINISHED,10,40,300,"Embedding (max_top_words=300, max_opinion_length=40, embedding_vector_lengths=500, units=32, epochs=10, nobs=0)",0,32,152.41618657112122,0.6832287311553955,0.7237376570701599,0.7237376570701599,0.7105185389518738,0.7105185389518738,0.7237376570701599,0.782820999622345,0.6506620645523071,0.6506620645523071,0.6539130210876465,0.6765217185020447,0.66505366563797,0.6824917793273926,0.7577199935913086,0.7577199935913086,0.5932332873344421,0.6233465671539307
538b5e3211284e47b5b2c495b551b008,"Embedding (max_top_words=300, max_opinion_length=40, embedding_vector_lengths=400, units=64, epochs=10, nobs=0)",LOCAL,/opt/conda/lib/python3.8/site-packages/ipykernel_launcher.py,jovyan,FINISHED,10,40,300,"Embedding (max_top_words=300, max_opinion_length=40, embedding_vector_lengths=400, units=64, epochs=10, nobs=0)",0,64,174.11455965042114,0.6833338141441345,0.7212226986885071,0.7258657217025757,0.7017031311988831,0.7028151750564575,0.7212226986885071,0.7917841672897339,0.6349535584449768,0.6349535584449768,0.6800000071525574,0.6904347538948059,0.6775312423706055,0.695408046245575,0.7973847389221191,0.9166666865348816,0.5892443656921387,0.6364500522613525
119f65b6a3c542e3b843e5a669f59135,"Embedding (max_top_words=300, max_opinion_length=40, embedding_vector_lengths=400, units=32, epochs=10, nobs=0)",LOCAL,/opt/conda/lib/python3.8/site-packages/ipykernel_launcher.py,jovyan,FINISHED,10,40,300,"Embedding (max_top_words=300, max_opinion_length=40, embedding_vector_lengths=400, units=32, epochs=10, nobs=0)",0,32,134.06860494613647,0.6930712461471558,0.7185142040252686,0.7185142040252686,0.7004632353782654,0.7028372883796692,0.7185142040252686,0.7812811732292175,0.6386130452156067,0.6388825178146362,0.7026087045669556,0.7026087045669556,0.7100245356559753,0.7100245356559753,0.8117232322692871,0.8117232322692871,0.6313244104385376,0.6313244104385376
aad1149f1ca8452f8f2a37c1918f45d6,"Embedding (max_top_words=300, max_opinion_length=50, embedding_vector_lengths=500, units=64, epochs=10, nobs=2)",LOCAL,/opt/conda/lib/python3.8/site-packages/ipykernel_launcher.py,jovyan,FINISHED,10,50,300,"Embedding (max_top_words=300, max_opinion_length=50, embedding_vector_lengths=500, units=64, epochs=10, nobs=2)",2,64,693.6348495483398,0.6395368576049805,0.7442445158958435,0.7442445158958435,0.7342939972877502,0.7342939972877502,0.7442445158958435,0.7842612266540527,0.6927842497825623,0.6927842497825623,0.7182608842849731,0.7252174019813538,0.7319185733795166,0.7319185733795166,0.7679896950721741,0.9128788113594055,0.6992807388305664,0.6992807388305664
eee810afa19e4fb485eb4eae9e145b64,"Embedding (max_top_words=300, max_opinion_length=50, embedding_vector_lengths=500, units=32, epochs=10, nobs=2)",LOCAL,/opt/conda/lib/python3.8/site-packages/ipykernel_launcher.py,jovyan,FINISHED,10,50,300,"Embedding (max_top_words=300, max_opinion_length=50, embedding_vector_lengths=500, units=32, epochs=10, nobs=2)",2,32,517.8019032478333,0.6521871089935303,0.7363126277923584,0.7363126277923584,0.7225217819213867,0.7225217819213867,0.7363126277923584,0.7792071104049683,0.6754016280174255,0.6754016280174255,0.7286956310272217,0.7286956310272217,0.7289488315582275,0.7289488315582275,0.7697214484214783,0.811347484588623,0.6926876902580261,0.6926876902580261
3f22b19eed42411aa367cab7c8594d05,"Embedding (max_top_words=300, max_opinion_length=50, embedding_vector_lengths=400, units=64, epochs=10, nobs=2)",LOCAL,/opt/conda/lib/python3.8/site-packages/ipykernel_launcher.py,jovyan,FINISHED,10,50,300,"Embedding (max_top_words=300, max_opinion_length=50, embedding_vector_lengths=400, units=64, epochs=10, nobs=2)",2,64,649.2690713405609,0.6552371382713318,0.7351518869400024,0.7351518869400024,0.7236154079437256,0.7236154079437256,0.7351518869400024,0.7797930836677551,0.6752156019210815,0.6752156019210815,0.7252174019813538,0.7408695816993713,0.73895263671875,0.7466539740562439,0.7959630489349365,0.8070290684700012,0.6902487874031067,0.7031869888305664
4856a173feb24811b2d499e0b9bf9250,"Embedding (max_top_words=300, max_opinion_length=50, embedding_vector_lengths=400, units=32, epochs=10, nobs=2)",LOCAL,/opt/conda/lib/python3.8/site-packages/ipykernel_launcher.py,jovyan,FINISHED,10,50,300,"Embedding (max_top_words=300, max_opinion_length=50, embedding_vector_lengths=400, units=32, epochs=10, nobs=2)",2,32,500.2175381183624,0.6671934723854065,0.7278003692626953,0.7278003692626953,0.7193644046783447,0.7193644046783447,0.7278003692626953,0.77556312084198,0.6713511347770691,0.6713511347770691,0.7373912930488586,0.747826099395752,0.7341820597648621,0.7390095591545105,0.7876078486442566,0.8935573697090149,0.6889467239379883,0.6889467239379883
00849b6bc3ea4c65be31d708d936d1f0,"Embedding (max_top_words=300, max_opinion_length=50, embedding_vector_lengths=500, units=64, epochs=10, nobs=1)",LOCAL,/opt/conda/lib/python3.8/site-packages/ipykernel_launcher.py,jovyan,FINISHED,10,50,300,"Embedding (max_top_words=300, max_opinion_length=50, embedding_vector_lengths=500, units=64, epochs=10, nobs=1)",1,64,404.3825991153717,0.660608172416687,0.7281872630119324,0.7281872630119324,0.7157430648803711,0.7157430648803711,0.7281872630119324,0.7867498993873596,0.661761999130249,0.661761999130249,0.7269565463066101,0.7269565463066101,0.7126667499542236,0.7126667499542236,0.7714838981628418,0.7946287989616394,0.6624090671539307,0.6624090671539307
06d2f4938fba4ba89d25f89ac9a108e4,"Embedding (max_top_words=300, max_opinion_length=50, embedding_vector_lengths=500, units=32, epochs=10, nobs=1)",LOCAL,/opt/conda/lib/python3.8/site-packages/ipykernel_launcher.py,jovyan,FINISHED,10,50,300,"Embedding (max_top_words=300, max_opinion_length=50, embedding_vector_lengths=500, units=32, epochs=10, nobs=1)",1,32,323.56924057006836,0.6533113121986389,0.7372799515724182,0.7372799515724182,0.7225546836853027,0.7225546836853027,0.7372799515724182,0.794060230255127,0.6630641222000122,0.6630641222000122,0.7078260779380798,0.7269565463066101,0.7101598381996155,0.7153584361076355,0.7692470550537109,0.8888888955116272,0.6598875522613525,0.6598875522613525
fe5b46f19a184bf4a18851f4b4820c0e,"Embedding (max_top_words=300, max_opinion_length=50, embedding_vector_lengths=400, units=64, epochs=10, nobs=1)",LOCAL,/opt/conda/lib/python3.8/site-packages/ipykernel_launcher.py,jovyan,FINISHED,10,50,300,"Embedding (max_top_words=300, max_opinion_length=50, embedding_vector_lengths=400, units=64, epochs=10, nobs=1)",1,64,372.4100594520569,0.6568043231964111,0.7361191511154175,0.7361191511154175,0.7218706011772156,0.7218706011772156,0.7361191511154175,0.7798245549201965,0.6732529997825623,0.6732529997825623,0.7234782576560974,0.7321739196777344,0.7309399247169495,0.7309399247169495,0.7808071970939636,0.799639880657196,0.6874793171882629,0.6874793171882629
b7863bd1935148d19c9c6ced8243a4a4,"Embedding (max_top_words=300, max_opinion_length=50, embedding_vector_lengths=400, units=32, epochs=10, nobs=1)",LOCAL,/opt/conda/lib/python3.8/site-packages/ipykernel_launcher.py,jovyan,FINISHED,10,50,300,"Embedding (max_top_words=300, max_opinion_length=50, embedding_vector_lengths=400, units=32, epochs=10, nobs=1)",1,32,296.65109038352966,0.6742069721221924,0.7279937863349915,0.7279937863349915,0.7100104689598083,0.7100104689598083,0.7279937863349915,0.7861078977584839,0.6475833654403687,0.6475833654403687,0.7200000286102295,0.7200000286102295,0.7087821364402771,0.7087821364402771,0.7769414782524109,0.7879834175109863,0.6519923806190491,0.6519923806190491
a72f12b5431646c6922c51849698ccb1,"Embedding (max_top_words=300, max_opinion_length=50, embedding_vector_lengths=500, units=64, epochs=10, nobs=0)",LOCAL,/opt/conda/lib/python3.8/site-packages/ipykernel_launcher.py,jovyan,FINISHED,10,50,300,"Embedding (max_top_words=300, max_opinion_length=50, embedding_vector_lengths=500, units=64, epochs=10, nobs=0)",0,64,224.0887894630432,0.6775686740875244,0.7287676334381104,0.7287676334381104,0.718795120716095,0.718795120716095,0.7287676334381104,0.7951420545578003,0.6563676595687866,0.6563676595687866,0.6747826337814331,0.6800000071525574,0.688697338104248,0.6994354724884033,0.7564308643341064,0.7750648856163025,0.6324611306190491,0.6493882536888123
fe6755da5bb6414b89285ff02bc6b74c,"Embedding (max_top_words=300, max_opinion_length=50, embedding_vector_lengths=500, units=32, epochs=10, nobs=0)",LOCAL,/opt/conda/lib/python3.8/site-packages/ipykernel_launcher.py,jovyan,FINISHED,10,50,300,"Embedding (max_top_words=300, max_opinion_length=50, embedding_vector_lengths=500, units=32, epochs=10, nobs=0)",0,32,174.20028281211853,0.6878475546836853,0.722963809967041,0.722963809967041,0.7147086262702942,0.7147086262702942,0.722963809967041,0.7920643091201782,0.6525449156761169,0.6525449156761169,0.6660869717597961,0.6834782361984253,0.6792280673980713,0.6981962323188782,0.7465663552284241,0.8358023762702942,0.6233465671539307,0.6390542387962341
0c8794f7d2774bf684abf81586ee99ca,"Embedding (max_top_words=300, max_opinion_length=50, embedding_vector_lengths=400, units=64, epochs=10, nobs=0)",LOCAL,/opt/conda/lib/python3.8/site-packages/ipykernel_launcher.py,jovyan,FINISHED,10,50,300,"Embedding (max_top_words=300, max_opinion_length=50, embedding_vector_lengths=400, units=64, epochs=10, nobs=0)",0,64,204.57812023162842,0.6778706908226013,0.7239311337471008,0.7239311337471008,0.7145373225212097,0.7145373225212097,0.7239311337471008,0.7906239628791809,0.652131199836731,0.652131199836731,0.6921738982200623,0.6921738982200623,0.7010859847068787,0.7010859847068787,0.7693665623664856,0.7974584102630615,0.6442625522613525,0.6442625522613525
a46bd3220f024c78b785e890d91a33a2,"Embedding (max_top_words=300, max_opinion_length=50, embedding_vector_lengths=400, units=32, epochs=10, nobs=0)",LOCAL,/opt/conda/lib/python3.8/site-packages/ipykernel_launcher.py,jovyan,FINISHED,10,50,300,"Embedding (max_top_words=300, max_opinion_length=50, embedding_vector_lengths=400, units=32, epochs=10, nobs=0)",0,32,161.3126368522644,0.7026243209838867,0.7150319218635559,0.7173534631729126,0.7078896760940552,0.7078896760940552,0.7150319218635559,0.7884632349014282,0.6438631415367126,0.6438631415367126,0.695652186870575,0.695652186870575,0.6906805634498596,0.7043249607086182,0.7875010371208191,0.7889947295188904,0.6154513955116272,0.6389715671539307
f669e00cad0341fcaa804cd242ec37ad,"Embedding (max_top_words=300, max_opinion_length=60, embedding_vector_lengths=500, units=64, epochs=10, nobs=2)",LOCAL,/opt/conda/lib/python3.8/site-packages/ipykernel_launcher.py,jovyan,FINISHED,10,60,300,"Embedding (max_top_words=300, max_opinion_length=60, embedding_vector_lengths=500, units=64, epochs=10, nobs=2)",2,64,822.8556258678436,0.6440505385398865,0.7390210628509521,0.7390210628509521,0.7296268343925476,0.7296268343925476,0.7390210628509521,0.7854102253913879,0.6837531924247742,0.6837531924247742,0.7426086664199829,0.7426086664199829,0.7526594996452332,0.7526594996452332,0.7964913845062256,0.8454322218894958,0.713603675365448,0.713603675365448
6f01835a07784974a02f68d4def5e50c,"Embedding (max_top_words=300, max_opinion_length=60, embedding_vector_lengths=500, units=32, epochs=10, nobs=2)",LOCAL,/opt/conda/lib/python3.8/site-packages/ipykernel_launcher.py,jovyan,FINISHED,10,60,300,"Embedding (max_top_words=300, max_opinion_length=60, embedding_vector_lengths=500, units=32, epochs=10, nobs=2)",2,32,621.5814745426178,0.6659402251243591,0.7301218509674072,0.7301218509674072,0.7140567898750305,0.7140567898750305,0.7301218509674072,0.7921603322029114,0.6578747630119324,0.6578747630119324,0.7252174019813538,0.7252174019813538,0.7159707546234131,0.7217640280723572,0.7754673957824707,0.81867915391922,0.6650132536888123,0.6650132536888123
bc8e04413c164d84b9289bd69f1d3d6f,"Embedding (max_top_words=300, max_opinion_length=60, embedding_vector_lengths=400, units=64, epochs=10, nobs=2)",LOCAL,/opt/conda/lib/python3.8/site-packages/ipykernel_launcher.py,jovyan,FINISHED,10,60,300,"Embedding (max_top_words=300, max_opinion_length=60, embedding_vector_lengths=400, units=64, epochs=10, nobs=2)",2,64,774.3887317180634,0.6523933410644531,0.7372799515724182,0.7372799515724182,0.7247658371925354,0.7268927693367004,0.7372799515724182,0.7779070734977722,0.6802796721458435,0.6823068261146545,0.747826099395752,0.747826099395752,0.7435423731803894,0.7435423731803894,0.8029597401618958,0.8406414985656738,0.6925223469734192,0.7004175186157227
f24375e10b20448884334a5369d9b66f,"Embedding (max_top_words=300, max_opinion_length=60, embedding_vector_lengths=400, units=32, epochs=10, nobs=2)",LOCAL,/opt/conda/lib/python3.8/site-packages/ipykernel_launcher.py,jovyan,FINISHED,10,60,300,"Embedding (max_top_words=300, max_opinion_length=60, embedding_vector_lengths=400, units=32, epochs=10, nobs=2)",2,32,611.4213409423828,0.6480652093887329,0.7386341691017151,0.7386341691017151,0.7299502491950989,0.7299502491950989,0.7386341691017151,0.778798520565033,0.6870596408843994,0.6870596408843994,0.7339130640029907,0.7339130640029907,0.7460604310035706,0.7460604310035706,0.7919371724128723,0.8046731948852539,0.7058737874031067,0.7058737874031067
8f83831af294468baacc7b21c228f464,"Embedding (max_top_words=300, max_opinion_length=60, embedding_vector_lengths=500, units=64, epochs=10, nobs=1)",LOCAL,/opt/conda/lib/python3.8/site-packages/ipykernel_launcher.py,jovyan,FINISHED,10,60,300,"Embedding (max_top_words=300, max_opinion_length=60, embedding_vector_lengths=500, units=64, epochs=10, nobs=1)",1,64,483.9850962162018,0.6530278921127319,0.7366995811462402,0.7366995811462402,0.7220838069915771,0.7220838069915771,0.7366995811462402,0.7873992919921875,0.6721786856651306,0.6721786856651306,0.7356521487236023,0.7356521487236023,0.7431549429893494,0.7431549429893494,0.7884721159934998,0.8241314888000488,0.7031043171882629,0.7031043171882629
e6d465c6baef4496ae89ec746e20a9cb,"Embedding (max_top_words=300, max_opinion_length=60, embedding_vector_lengths=500, units=32, epochs=10, nobs=1)",LOCAL,/opt/conda/lib/python3.8/site-packages/ipykernel_launcher.py,jovyan,FINISHED,10,60,300,"Embedding (max_top_words=300, max_opinion_length=60, embedding_vector_lengths=500, units=32, epochs=10, nobs=1)",1,32,384.13522362709045,0.6777223348617554,0.7218030691146851,0.7218030691146851,0.7085661292076111,0.7085661292076111,0.7218030691146851,0.7851054072380066,0.6478301286697388,0.6478301286697388,0.7165217399597168,0.7165217399597168,0.7104482054710388,0.7104482054710388,0.7806900143623352,0.8002870678901672,0.6518270373344421,0.6518270373344421
3ab948757d6d49cc8e42e0789fb44107,"Embedding (max_top_words=300, max_opinion_length=60, embedding_vector_lengths=400, units=64, epochs=10, nobs=1)",LOCAL,/opt/conda/lib/python3.8/site-packages/ipykernel_launcher.py,jovyan,FINISHED,10,60,300,"Embedding (max_top_words=300, max_opinion_length=60, embedding_vector_lengths=400, units=64, epochs=10, nobs=1)",1,64,444.501469373703,0.6490806341171265,0.7428902983665466,0.7428902983665466,0.7276419401168823,0.7276419401168823,0.7428902983665466,0.7851468920707703,0.6782145500183105,0.6782145500183105,0.7269565463066101,0.7426086664199829,0.7303083539009094,0.7338156700134277,0.78470778465271,0.8171782493591309,0.6834904551506042,0.6834904551506042
109213ace12246bb9fe191879ae12d75,"Embedding (max_top_words=300, max_opinion_length=60, embedding_vector_lengths=400, units=32, epochs=10, nobs=1)",LOCAL,/opt/conda/lib/python3.8/site-packages/ipykernel_launcher.py,jovyan,FINISHED,10,60,300,"Embedding (max_top_words=300, max_opinion_length=60, embedding_vector_lengths=400, units=32, epochs=10, nobs=1)",1,32,354.3293368816376,0.6832696199417114,0.7285742163658142,0.7285742163658142,0.7140536308288574,0.7140536308288574,0.7285742163658142,0.7780759930610657,0.6605623960494995,0.6605623960494995,0.7339130640029907,0.7373912930488586,0.7352423667907715,0.7352423667907715,0.8141552805900574,0.8353374600410461,0.6703042387962341,0.6703042387962341
e2f8144ac0584423b842153cbc6fc6d9,"Embedding (max_top_words=300, max_opinion_length=60, embedding_vector_lengths=500, units=64, epochs=10, nobs=0)",LOCAL,/opt/conda/lib/python3.8/site-packages/ipykernel_launcher.py,jovyan,FINISHED,10,60,300,"Embedding (max_top_words=300, max_opinion_length=60, embedding_vector_lengths=500, units=64, epochs=10, nobs=0)",0,64,266.91869139671326,0.6942876577377319,0.7260591983795166,0.7260591983795166,0.7145338654518127,0.7145338654518127,0.7260591983795166,0.7875838279724121,0.6544657945632935,0.6544657945632935,0.6973913311958313,0.6973913311958313,0.6942595839500427,0.6942595839500427,0.7843981385231018,0.7843981385231018,0.6231812238693237,0.6244832873344421
69ac98543c864c36868e5380dabc6950,"Embedding (max_top_words=300, max_opinion_length=60, embedding_vector_lengths=500, units=32, epochs=10, nobs=0)",LOCAL,/opt/conda/lib/python3.8/site-packages/ipykernel_launcher.py,jovyan,FINISHED,10,60,300,"Embedding (max_top_words=300, max_opinion_length=60, embedding_vector_lengths=500, units=32, epochs=10, nobs=0)",0,32,213.2188229560852,0.7240135669708252,0.7185142040252686,0.7185142040252686,0.7093545794487,0.7093545794487,0.7185142040252686,0.7675005793571472,0.6595906019210815,0.6595906019210815,0.6695652008056641,0.6695652008056641,0.6912385821342468,0.6912385821342468,0.7442612648010254,0.7581179141998291,0.645564615726471,0.645564615726471
dc923b2ba37b49fd86cf1452afe28dfa,"Embedding (max_top_words=300, max_opinion_length=60, embedding_vector_lengths=400, units=64, epochs=10, nobs=0)",LOCAL,/opt/conda/lib/python3.8/site-packages/ipykernel_launcher.py,jovyan,FINISHED,10,60,300,"Embedding (max_top_words=300, max_opinion_length=60, embedding_vector_lengths=400, units=64, epochs=10, nobs=0)",0,64,246.71751427650452,0.6935878992080688,0.7279937863349915,0.7279937863349915,0.7133817076683044,0.7133817076683044,0.7279937863349915,0.7833810448646545,0.6551680564880371,0.6551680564880371,0.6886956691741943,0.6886956691741943,0.693066418170929,0.6946808695793152,0.7914249300956726,0.7914249300956726,0.6167535185813904,0.6375868320465088
82b5e7cc145741e9ab404a097a1a5d43,"Embedding (max_top_words=300, max_opinion_length=60, embedding_vector_lengths=400, units=32, epochs=10, nobs=0)",LOCAL,/opt/conda/lib/python3.8/site-packages/ipykernel_launcher.py,jovyan,FINISHED,10,60,300,"Embedding (max_top_words=300, max_opinion_length=60, embedding_vector_lengths=400, units=32, epochs=10, nobs=0)",0,32,196.40961742401123,0.7466318011283875,0.7086477279663086,0.7086477279663086,0.7030465006828308,0.7030465006828308,0.7086477279663086,0.7845139503479004,0.6378082633018494,0.6378082633018494,0.6886956691741943,0.6886956691741943,0.7071210741996765,0.7071210741996765,0.76559978723526,0.7836385369300842,0.6574487686157227,0.6574487686157227
71c2589485e1482b99872f4a2df3e8d7,"Embedding (max_top_words=500, max_opinion_length=10, embedding_vector_lengths=500, units=64, epochs=10, nobs=2)",LOCAL,/opt/conda/lib/python3.8/site-packages/ipykernel_launcher.py,jovyan,FINISHED,10,10,500,"Embedding (max_top_words=500, max_opinion_length=10, embedding_vector_lengths=500, units=64, epochs=10, nobs=2)",2,64,165.87593269348145,0.8608006238937378,0.6275875568389893,0.6407428979873657,0.5912562608718872,0.6001737713813782,0.6275875568389893,0.7117767333984375,0.5107355713844299,0.5192313194274902,0.5547826290130615,0.5600000023841858,0.5052938461303711,0.5169805884361267,0.6338426470756531,0.7777777314186096,0.420200914144516,0.4254092276096344
798c1c09c53549cb90892648180b11f7,"Embedding (max_top_words=500, max_opinion_length=10, embedding_vector_lengths=500, units=32, epochs=10, nobs=2)",LOCAL,/opt/conda/lib/python3.8/site-packages/ipykernel_launcher.py,jovyan,FINISHED,10,10,500,"Embedding (max_top_words=500, max_opinion_length=10, embedding_vector_lengths=500, units=32, epochs=10, nobs=2)",2,32,135.51303911209106,0.8594858050346375,0.6312633156776428,0.6312633156776428,0.5943425297737122,0.5943425297737122,0.6312633156776428,0.7392193675041199,0.5111910700798035,0.5111910700798035,0.5513043403625488,0.5634782314300537,0.5181150436401367,0.5299635529518127,0.647100031375885,0.6891505718231201,0.4320850074291229,0.44535383582115173
d1203364d94f41579caffa7af7e624aa,"Embedding (max_top_words=500, max_opinion_length=10, embedding_vector_lengths=400, units=64, epochs=10, nobs=2)",LOCAL,/opt/conda/lib/python3.8/site-packages/ipykernel_launcher.py,jovyan,FINISHED,10,10,500,"Embedding (max_top_words=500, max_opinion_length=10, embedding_vector_lengths=400, units=64, epochs=10, nobs=2)",2,64,220.78828382492065,0.8894307017326355,0.6159798502922058,0.6272006034851074,0.5771156549453735,0.5823618769645691,0.6159798502922058,0.7104771733283997,0.4900047183036804,0.4939337372779846,0.5513043403625488,0.5617391467094421,0.5137768387794495,0.5207836627960205,0.6515700817108154,0.6973180770874023,0.42418980598449707,0.42549189925193787
4c48192bca6b4c87b3f237b544155ce1,"Embedding (max_top_words=500, max_opinion_length=10, embedding_vector_lengths=400, units=32, epochs=10, nobs=2)",LOCAL,/opt/conda/lib/python3.8/site-packages/ipykernel_launcher.py,jovyan,FINISHED,10,10,500,"Embedding (max_top_words=500, max_opinion_length=10, embedding_vector_lengths=400, units=32, epochs=10, nobs=2)",2,32,179.99961638450623,0.8657276630401611,0.6324240565299988,0.6324240565299988,0.5886998772621155,0.5886998772621155,0.6324240565299988,0.7076240181922913,0.5051969289779663,0.5051969289779663,0.5600000023841858,0.5617391467094421,0.5162577629089355,0.5162577629089355,0.6415977478027344,0.7416133880615234,0.43200230598449707,0.43200230598449707
b02a42c0e61447b9bc2203c8574a7e92,"Embedding (max_top_words=500, max_opinion_length=10, embedding_vector_lengths=500, units=64, epochs=10, nobs=1)",LOCAL,/opt/conda/lib/python3.8/site-packages/ipykernel_launcher.py,jovyan,FINISHED,10,10,500,"Embedding (max_top_words=500, max_opinion_length=10, embedding_vector_lengths=500, units=64, epochs=10, nobs=1)",1,64,106.06138730049133,0.8438031077384949,0.6430644392967224,0.6430644392967224,0.6043452620506287,0.6043452620506287,0.6430644392967224,0.7172390818595886,0.5224543213844299,0.5224543213844299,0.5704348087310791,0.5704348087310791,0.5216733813285828,0.5474498271942139,0.649695873260498,0.8190476298332214,0.43590855598449707,0.45837464928627014
17b46bbdc0af49728c553abf4c09d7a0,"Embedding (max_top_words=500, max_opinion_length=10, embedding_vector_lengths=500, units=32, epochs=10, nobs=1)",LOCAL,/opt/conda/lib/python3.8/site-packages/ipykernel_launcher.py,jovyan,FINISHED,10,10,500,"Embedding (max_top_words=500, max_opinion_length=10, embedding_vector_lengths=500, units=32, epochs=10, nobs=1)",1,32,85.28772616386414,0.8392614126205444,0.6420971155166626,0.6420971155166626,0.6035066246986389,0.6035066246986389,0.6420971155166626,0.7198952436447144,0.521174967288971,0.521174967288971,0.5634782314300537,0.5686956644058228,0.5112147927284241,0.5386913418769836,0.6373476386070251,0.7305555939674377,0.4267939627170563,0.4532490074634552
c02f71a38d084246bb11a4912fb9f6f9,"Embedding (max_top_words=500, max_opinion_length=10, embedding_vector_lengths=400, units=64, epochs=10, nobs=1)",LOCAL,/opt/conda/lib/python3.8/site-packages/ipykernel_launcher.py,jovyan,FINISHED,10,10,500,"Embedding (max_top_words=500, max_opinion_length=10, embedding_vector_lengths=400, units=64, epochs=10, nobs=1)",1,64,95.97011017799377,0.8543176054954529,0.6364867687225342,0.6364867687225342,0.5953561663627625,0.5953561663627625,0.6364867687225342,0.7182251811027527,0.5128651857376099,0.5128651857376099,0.5600000023841858,0.5600000023841858,0.5099942684173584,0.5250313878059387,0.6516115069389343,0.7305293083190918,0.4189814627170563,0.432167649269104
1a6651f8338a452da3773e08182f6853,"Embedding (max_top_words=500, max_opinion_length=10, embedding_vector_lengths=400, units=32, epochs=10, nobs=1)",LOCAL,/opt/conda/lib/python3.8/site-packages/ipykernel_launcher.py,jovyan,FINISHED,10,10,500,"Embedding (max_top_words=500, max_opinion_length=10, embedding_vector_lengths=400, units=32, epochs=10, nobs=1)",1,32,80.43943047523499,0.861226499080658,0.6318436861038208,0.6318436861038208,0.5861809849739075,0.5861809849739075,0.6318436861038208,0.7217490077018738,0.49418050050735474,0.49418050050735474,0.5565217137336731,0.5669565200805664,0.5251801609992981,0.5305817127227783,0.666327953338623,0.8690476417541504,0.43338707089424133,0.44144758582115173
fc5a954c8e0949ddb14a5ffab8487bc6,"Embedding (max_top_words=500, max_opinion_length=10, embedding_vector_lengths=500, units=64, epochs=10, nobs=0)",LOCAL,/opt/conda/lib/python3.8/site-packages/ipykernel_launcher.py,jovyan,FINISHED,10,10,500,"Embedding (max_top_words=500, max_opinion_length=10, embedding_vector_lengths=500, units=64, epochs=10, nobs=0)",0,64,58.53493309020996,0.7976706624031067,0.6604759097099304,0.6604759097099304,0.6336933374404907,0.6336933374404907,0.6604759097099304,0.7445629835128784,0.556950032711029,0.556950032711029,0.5652173757553101,0.5652173757553101,0.5201911926269531,0.5315763354301453,0.6183800101280212,0.746464192867279,0.4490947425365448,0.45698991417884827
745aa8c05bee443397e24505626033ec,"Embedding (max_top_words=500, max_opinion_length=10, embedding_vector_lengths=500, units=32, epochs=10, nobs=0)",LOCAL,/opt/conda/lib/python3.8/site-packages/ipykernel_launcher.py,jovyan,FINISHED,10,10,500,"Embedding (max_top_words=500, max_opinion_length=10, embedding_vector_lengths=500, units=32, epochs=10, nobs=0)",0,32,50.18203115463257,0.7973836064338684,0.6670535802841187,0.6670535802841187,0.6326852440834045,0.6326852440834045,0.6670535802841187,0.7421583533287048,0.5528159737586975,0.5528159737586975,0.5652173757553101,0.573913037776947,0.512578547000885,0.5287627577781677,0.6306152939796448,0.7454981803894043,0.43200230598449707,0.4347718060016632
acc46fd5dc9c46c79a8dfe7bcc795679,"Embedding (max_top_words=500, max_opinion_length=10, embedding_vector_lengths=400, units=64, epochs=10, nobs=0)",LOCAL,/opt/conda/lib/python3.8/site-packages/ipykernel_launcher.py,jovyan,FINISHED,10,10,500,"Embedding (max_top_words=500, max_opinion_length=10, embedding_vector_lengths=400, units=64, epochs=10, nobs=0)",0,64,55.395973205566406,0.7963317632675171,0.6606693863868713,0.6624104976654053,0.6294546723365784,0.6297357678413391,0.6606693863868713,0.742916464805603,0.5543458461761475,0.5543458461761475,0.5634782314300537,0.5652173757553101,0.5206685662269592,0.5206685662269592,0.6245735287666321,0.7473261952400208,0.44640791416168213,0.44640791416168213
318fe90f60324d3094906050b93bccbc,"Embedding (max_top_words=500, max_opinion_length=10, embedding_vector_lengths=400, units=32, epochs=10, nobs=0)",LOCAL,/opt/conda/lib/python3.8/site-packages/ipykernel_launcher.py,jovyan,FINISHED,10,10,500,"Embedding (max_top_words=500, max_opinion_length=10, embedding_vector_lengths=400, units=32, epochs=10, nobs=0)",0,32,45.98533916473389,0.8207054734230042,0.6535113453865051,0.6606693863868713,0.6141606569290161,0.618153989315033,0.6535113453865051,0.7456965446472168,0.5298758149147034,0.5298758149147034,0.5565217137336731,0.5773913264274597,0.5222220420837402,0.5240584015846252,0.6696553230285645,0.743317186832428,0.42809605598449707,0.4347718060016632
12194c806b474a0c9517da420ff611e4,"Embedding (max_top_words=500, max_opinion_length=40, embedding_vector_lengths=500, units=64, epochs=10, nobs=2)",LOCAL,/opt/conda/lib/python3.8/site-packages/ipykernel_launcher.py,jovyan,FINISHED,10,40,500,"Embedding (max_top_words=500, max_opinion_length=40, embedding_vector_lengths=500, units=64, epochs=10, nobs=2)",2,64,548.1373207569122,0.6221805214881897,0.7531437277793884,0.7531437277793884,0.7434965372085571,0.7434965372085571,0.7531437277793884,0.792470395565033,0.7023960947990417,0.7023960947990417,0.7095652222633362,0.7182608842849731,0.7305756211280823,0.734545886516571,0.7819966673851013,0.822394609451294,0.6861772537231445,0.6952918171882629
90ae8db159f644c291fbb936b55e996d,"Embedding (max_top_words=500, max_opinion_length=40, embedding_vector_lengths=500, units=32, epochs=10, nobs=2)",LOCAL,/opt/conda/lib/python3.8/site-packages/ipykernel_launcher.py,jovyan,FINISHED,10,40,500,"Embedding (max_top_words=500, max_opinion_length=40, embedding_vector_lengths=500, units=32, epochs=10, nobs=2)",2,32,414.5923364162445,0.6398983597755432,0.7425034046173096,0.7425034046173096,0.7300429344177246,0.7300429344177246,0.7425034046173096,0.7944318652153015,0.6756104230880737,0.6756104230880737,0.7078260779380798,0.7078260779380798,0.7164912223815918,0.7164912223815918,0.764738142490387,0.94405597448349,0.6743758320808411,0.6743758320808411
2cad611656b84d85bf4d05a1af087f33,"Embedding (max_top_words=500, max_opinion_length=40, embedding_vector_lengths=400, units=64, epochs=10, nobs=2)",LOCAL,/opt/conda/lib/python3.8/site-packages/ipykernel_launcher.py,jovyan,FINISHED,10,40,500,"Embedding (max_top_words=500, max_opinion_length=40, embedding_vector_lengths=400, units=64, epochs=10, nobs=2)",2,64,1357.800119638443,0.6413968205451965,0.7446314692497253,0.7446314692497253,0.7344150543212891,0.7344150543212891,0.7446314692497253,0.7883628606796265,0.6900168657302856,0.6900168657302856,0.7060869336128235,0.7217391133308411,0.7242414951324463,0.7278699278831482,0.775627076625824,0.820120632648468,0.6795015335083008,0.6795015335083008
61994a949b0c427e89319b0e53956dc2,"Embedding (max_top_words=500, max_opinion_length=40, embedding_vector_lengths=400, units=32, epochs=10, nobs=2)",LOCAL,/opt/conda/lib/python3.8/site-packages/ipykernel_launcher.py,jovyan,FINISHED,10,40,500,"Embedding (max_top_words=500, max_opinion_length=40, embedding_vector_lengths=400, units=32, epochs=10, nobs=2)",2,32,425.1196188926697,0.6473618745803833,0.7384406924247742,0.7384406924247742,0.7222094535827637,0.7222094535827637,0.7384406924247742,0.7927954792976379,0.6634968519210815,0.6634968519210815,0.6991304159164429,0.6991304159164429,0.7117417454719543,0.7117417454719543,0.7836163640022278,0.7836163640022278,0.6519923806190491,0.6586681604385376
ad1ae4c1928a4754ae4999b60d68e533,"Embedding (max_top_words=500, max_opinion_length=40, embedding_vector_lengths=500, units=64, epochs=10, nobs=1)",LOCAL,/opt/conda/lib/python3.8/site-packages/ipykernel_launcher.py,jovyan,FINISHED,10,40,500,"Embedding (max_top_words=500, max_opinion_length=40, embedding_vector_lengths=500, units=64, epochs=10, nobs=1)",1,64,808.8015565872192,0.6235533356666565,0.7521764636039734,0.7521764636039734,0.7397404909133911,0.7397404909133911,0.7521764636039734,0.7925331592559814,0.6938395500183105,0.6938395500183105,0.7130434513092041,0.7269565463066101,0.7274720072746277,0.7335742115974426,0.7793897986412048,0.932692289352417,0.6822710037231445,0.6966765522956848
1897c539a5174f2eb43cbbe4129c7caf,"Embedding (max_top_words=500, max_opinion_length=40, embedding_vector_lengths=500, units=32, epochs=10, nobs=1)",LOCAL,/opt/conda/lib/python3.8/site-packages/ipykernel_launcher.py,jovyan,FINISHED,10,40,500,"Embedding (max_top_words=500, max_opinion_length=40, embedding_vector_lengths=500, units=32, epochs=10, nobs=1)",1,32,497.1248388290405,0.6456006765365601,0.7392145395278931,0.7401818633079529,0.7252181172370911,0.7252181172370911,0.7392145395278931,0.7853536009788513,0.6756711602210999,0.6756711602210999,0.7060869336128235,0.7286956310272217,0.7264760136604309,0.7264760136604309,0.7622619271278381,0.8638508915901184,0.694072425365448,0.694072425365448
ccf6d1b8174b4d50ad9786b08ca4f815,"Embedding (max_top_words=500, max_opinion_length=40, embedding_vector_lengths=400, units=64, epochs=10, nobs=1)",LOCAL,/opt/conda/lib/python3.8/site-packages/ipykernel_launcher.py,jovyan,FINISHED,10,40,500,"Embedding (max_top_words=500, max_opinion_length=40, embedding_vector_lengths=400, units=64, epochs=10, nobs=1)",1,64,381.7195086479187,0.6400681734085083,0.7457922101020813,0.7457922101020813,0.7308813333511353,0.7308813333511353,0.7457922101020813,0.7969119548797607,0.6821398138999939,0.6821398138999939,0.7060869336128235,0.7113043665885925,0.7026824355125427,0.724837601184845,0.7584732174873352,0.9078431129455566,0.6546792387962341,0.6874793171882629
5a254a21591d4e57b8c3e8cefc657363,"Embedding (max_top_words=500, max_opinion_length=40, embedding_vector_lengths=400, units=32, epochs=10, nobs=1)",LOCAL,/opt/conda/lib/python3.8/site-packages/ipykernel_launcher.py,jovyan,FINISHED,10,40,500,"Embedding (max_top_words=500, max_opinion_length=40, embedding_vector_lengths=400, units=32, epochs=10, nobs=1)",1,32,240.90338039398193,0.6525200605392456,0.7392145395278931,0.7392145395278931,0.7206217646598816,0.7206217646598816,0.7392145395278931,0.7905442118644714,0.6666401028633118,0.6666401028633118,0.7060869336128235,0.7147825956344604,0.7115826606750488,0.7115826606750488,0.7553512454032898,0.7938737273216248,0.6730737686157227,0.6730737686157227
a0d07120b1fd4984a5a5b2b6a9ed1f0e,"Embedding (max_top_words=500, max_opinion_length=40, embedding_vector_lengths=500, units=64, epochs=10, nobs=0)",LOCAL,/opt/conda/lib/python3.8/site-packages/ipykernel_launcher.py,jovyan,FINISHED,10,40,500,"Embedding (max_top_words=500, max_opinion_length=40, embedding_vector_lengths=500, units=64, epochs=10, nobs=0)",0,64,190.08114671707153,0.6064944863319397,0.7603018283843994,0.7603018283843994,0.7489450573921204,0.7489450573921204,0.7603018283843994,0.8078627586364746,0.7015268206596375,0.7015268206596375,0.6991304159164429,0.7060869336128235,0.7184844017028809,0.7184844017028809,0.7643299102783203,0.8472222685813904,0.6783647537231445,0.6783647537231445
aa7eb8264bc94a509575a93be515189b,"Embedding (max_top_words=500, max_opinion_length=40, embedding_vector_lengths=500, units=32, epochs=10, nobs=0)",LOCAL,/opt/conda/lib/python3.8/site-packages/ipykernel_launcher.py,jovyan,FINISHED,10,40,500,"Embedding (max_top_words=500, max_opinion_length=40, embedding_vector_lengths=500, units=32, epochs=10, nobs=0)",0,32,143.82866525650024,0.6423755288124084,0.7392145395278931,0.7392145395278931,0.7285650372505188,0.7285650372505188,0.7392145395278931,0.8037430047988892,0.6666818261146545,0.6719319224357605,0.686956524848938,0.686956524848938,0.6771134734153748,0.6934023499488831,0.7667326927185059,0.8712694644927979,0.6062541604042053,0.6417410969734192
f8f0fd6f7430490c9a1507b517a16c28,"Embedding (max_top_words=500, max_opinion_length=40, embedding_vector_lengths=400, units=64, epochs=10, nobs=0)",LOCAL,/opt/conda/lib/python3.8/site-packages/ipykernel_launcher.py,jovyan,FINISHED,10,40,500,"Embedding (max_top_words=500, max_opinion_length=40, embedding_vector_lengths=400, units=64, epochs=10, nobs=0)",0,64,170.0621955394745,0.6154999732971191,0.7519829869270325,0.7519829869270325,0.7469270825386047,0.7469270825386047,0.7519829869270325,0.800981342792511,0.7094228267669678,0.7094228267669678,0.7008695602416992,0.7113043665885925,0.7235772013664246,0.7235772013664246,0.7621720433235168,0.9743589758872986,0.6887814402580261,0.6887814402580261
30f0df18a6bb48899cd11df81088eeaa,"Embedding (max_top_words=500, max_opinion_length=40, embedding_vector_lengths=400, units=32, epochs=10, nobs=0)",LOCAL,/opt/conda/lib/python3.8/site-packages/ipykernel_launcher.py,jovyan,FINISHED,10,40,500,"Embedding (max_top_words=500, max_opinion_length=40, embedding_vector_lengths=400, units=32, epochs=10, nobs=0)",0,32,134.7679407596588,0.6357696056365967,0.7494679689407349,0.7494679689407349,0.7326418161392212,0.7326418161392212,0.7494679689407349,0.810571551322937,0.6688722372055054,0.6688722372055054,0.6904347538948059,0.6904347538948059,0.7010416388511658,0.7010416388511658,0.7765333652496338,0.8070114254951477,0.6390542387962341,0.6390542387962341
43520630a46443d79fa6b1c7a56cdad0,"Embedding (max_top_words=500, max_opinion_length=50, embedding_vector_lengths=500, units=64, epochs=10, nobs=2)",LOCAL,/opt/conda/lib/python3.8/site-packages/ipykernel_launcher.py,jovyan,FINISHED,10,50,500,"Embedding (max_top_words=500, max_opinion_length=50, embedding_vector_lengths=500, units=64, epochs=10, nobs=2)",2,64,678.0264985561371,0.6038852334022522,0.7581737041473389,0.7581737041473389,0.7552047967910767,0.7552047967910767,0.7581737041473389,0.7977582216262817,0.7171745896339417,0.7171745896339417,0.730434775352478,0.730434775352478,0.7420342564582825,0.7526116967201233,0.7747054696083069,0.9722222685813904,0.7123015522956848,0.7268725037574768
1a744d344b024bd3bedbf129d0dd96ee,"Embedding (max_top_words=500, max_opinion_length=50, embedding_vector_lengths=500, units=32, epochs=10, nobs=2)",LOCAL,/opt/conda/lib/python3.8/site-packages/ipykernel_launcher.py,jovyan,FINISHED,10,50,500,"Embedding (max_top_words=500, max_opinion_length=50, embedding_vector_lengths=500, units=32, epochs=10, nobs=2)",2,32,508.22537183761597,0.6209038496017456,0.7479202747344971,0.7479202747344971,0.7394881248474121,0.7394881248474121,0.7479202747344971,0.8055529594421387,0.6927842497825623,0.6927842497825623,0.6991304159164429,0.7252174019813538,0.7250493168830872,0.7250493168830872,0.7545320987701416,0.8895833492279053,0.697978675365448,0.697978675365448
b5dd6d87b0924e169275d20e8c067df0,"Embedding (max_top_words=500, max_opinion_length=50, embedding_vector_lengths=400, units=64, epochs=10, nobs=2)",LOCAL,/opt/conda/lib/python3.8/site-packages/ipykernel_launcher.py,jovyan,FINISHED,10,50,500,"Embedding (max_top_words=500, max_opinion_length=50, embedding_vector_lengths=400, units=64, epochs=10, nobs=2)",2,64,634.9287595748901,0.616741955280304,0.7544979453086853,0.7544979453086853,0.7467074394226074,0.7467074394226074,0.7544979453086853,0.7907648682594299,0.7076044678688049,0.7076044678688049,0.7078260779380798,0.7339130640029907,0.7202067375183105,0.7331132888793945,0.7554528117179871,0.9607842564582825,0.6886987686157227,0.6939070820808411
2d4c1540494849b4aff450318c58c7c2,"Embedding (max_top_words=500, max_opinion_length=50, embedding_vector_lengths=400, units=32, epochs=10, nobs=2)",LOCAL,/opt/conda/lib/python3.8/site-packages/ipykernel_launcher.py,jovyan,FINISHED,10,50,500,"Embedding (max_top_words=500, max_opinion_length=50, embedding_vector_lengths=400, units=32, epochs=10, nobs=2)",2,32,466.873419046402,0.6332021355628967,0.7483072280883789,0.7490810751914978,0.737303614616394,0.7427808046340942,0.7483072280883789,0.8061071038246155,0.6942305564880371,0.6970435380935669,0.6973913311958313,0.7182608842849731,0.7143356800079346,0.7237303256988525,0.7631211280822754,0.8888888955116272,0.6716890335083008,0.6952918171882629
40a7816b7200460eb73def3482d4adef,"Embedding (max_top_words=500, max_opinion_length=50, embedding_vector_lengths=500, units=64, epochs=10, nobs=1)",LOCAL,/opt/conda/lib/python3.8/site-packages/ipykernel_launcher.py,jovyan,FINISHED,10,50,500,"Embedding (max_top_words=500, max_opinion_length=50, embedding_vector_lengths=500, units=64, epochs=10, nobs=1)",1,64,402.4585061073303,0.609397828578949,0.7533372044563293,0.7533372044563293,0.7419516444206238,0.7439738512039185,0.7533372044563293,0.8019639849662781,0.6953884363174438,0.6953884363174438,0.7165217399597168,0.7269565463066101,0.7250708937644958,0.7328435778617859,0.7577717900276184,0.8414285778999329,0.6951265335083008,0.7017195820808411
fe898803e4e84aa79c442bb2e6edb1ab,"Embedding (max_top_words=500, max_opinion_length=50, embedding_vector_lengths=500, units=32, epochs=10, nobs=1)",LOCAL,/opt/conda/lib/python3.8/site-packages/ipykernel_launcher.py,jovyan,FINISHED,10,50,500,"Embedding (max_top_words=500, max_opinion_length=50, embedding_vector_lengths=500, units=32, epochs=10, nobs=1)",1,32,323.18995547294617,0.6304608583450317,0.7434706687927246,0.7434706687927246,0.7320778965950012,0.7320778965950012,0.7434706687927246,0.8018057942390442,0.673852801322937,0.673852801322937,0.6817391514778137,0.7026087045669556,0.6905414462089539,0.6905414462089539,0.7325281500816345,0.7993915677070618,0.6532945036888123,0.6532945036888123
ff393ebed7bb43c4be17f0606d77a59e,"Embedding (max_top_words=500, max_opinion_length=50, embedding_vector_lengths=400, units=64, epochs=10, nobs=1)",LOCAL,/opt/conda/lib/python3.8/site-packages/ipykernel_launcher.py,jovyan,FINISHED,10,50,500,"Embedding (max_top_words=500, max_opinion_length=50, embedding_vector_lengths=400, units=64, epochs=10, nobs=1)",1,64,376.1096363067627,0.6167539358139038,0.7519829869270325,0.7521764636039734,0.7454161643981934,0.7461129426956177,0.7519829869270325,0.7993881702423096,0.7058886289596558,0.7058886289596558,0.7130434513092041,0.7373912930488586,0.7322211265563965,0.7404378056526184,0.7612156271934509,0.851851761341095,0.7057085037231445,0.7057085037231445
ab69e2c135e849fda9e158e543fd424c,"Embedding (max_top_words=500, max_opinion_length=50, embedding_vector_lengths=400, units=32, epochs=10, nobs=1)",LOCAL,/opt/conda/lib/python3.8/site-packages/ipykernel_launcher.py,jovyan,FINISHED,10,50,500,"Embedding (max_top_words=500, max_opinion_length=50, embedding_vector_lengths=400, units=32, epochs=10, nobs=1)",1,32,289.87301540374756,0.6376909613609314,0.7419229745864868,0.7419229745864868,0.7259458899497986,0.7276222109794617,0.7419229745864868,0.791938066482544,0.6779450178146362,0.6779450178146362,0.7008695602416992,0.7008695602416992,0.7115042805671692,0.7115042805671692,0.7519316673278809,0.7829558253288269,0.6755952835083008,0.6755952835083008
61b5ff9d83c549369f65c43f3ee69ada,"Embedding (max_top_words=500, max_opinion_length=50, embedding_vector_lengths=500, units=64, epochs=10, nobs=0)",LOCAL,/opt/conda/lib/python3.8/site-packages/ipykernel_launcher.py,jovyan,FINISHED,10,50,500,"Embedding (max_top_words=500, max_opinion_length=50, embedding_vector_lengths=500, units=64, epochs=10, nobs=0)",0,64,221.5822319984436,0.6271855235099792,0.7448249459266663,0.7448249459266663,0.7333008646965027,0.7333008646965027,0.7448249459266663,0.8187652826309204,0.6642409563064575,0.6644079685211182,0.6852173805236816,0.6852173805236816,0.6636659502983093,0.6812085509300232,0.7927787899971008,0.7927787899971008,0.5707672238349915,0.6257854104042053
7970c25b5e0d4d298bf6116122ff3cd6,"Embedding (max_top_words=500, max_opinion_length=50, embedding_vector_lengths=500, units=32, epochs=10, nobs=0)",LOCAL,/opt/conda/lib/python3.8/site-packages/ipykernel_launcher.py,jovyan,FINISHED,10,50,500,"Embedding (max_top_words=500, max_opinion_length=50, embedding_vector_lengths=500, units=32, epochs=10, nobs=0)",0,32,167.90682864189148,0.6350820660591125,0.7440510988235474,0.7440510988235474,0.7325983643531799,0.7325983643531799,0.7440510988235474,0.811595618724823,0.6678586602210999,0.6678586602210999,0.6713043451309204,0.678260862827301,0.6667562127113342,0.6805296540260315,0.7552358508110046,0.7684879899024963,0.5969741940498352,0.6204943656921387
c17d8884940d49e999c0b01d3a2e62d4,"Embedding (max_top_words=500, max_opinion_length=50, embedding_vector_lengths=400, units=64, epochs=10, nobs=0)",LOCAL,/opt/conda/lib/python3.8/site-packages/ipykernel_launcher.py,jovyan,FINISHED,10,50,500,"Embedding (max_top_words=500, max_opinion_length=50, embedding_vector_lengths=400, units=64, epochs=10, nobs=0)",0,64,210.88368105888367,0.6326636075973511,0.746953010559082,0.746953010559082,0.7358693480491638,0.7358693480491638,0.746953010559082,0.813896894454956,0.6724482178688049,0.6724482178688049,0.6747826337814331,0.6800000071525574,0.6712584495544434,0.6899558901786804,0.7669102549552917,0.769415557384491,0.5968915820121765,0.6336805820465088
890b297e0a954450beed518145b0ba1c,"Embedding (max_top_words=500, max_opinion_length=50, embedding_vector_lengths=400, units=32, epochs=10, nobs=0)",LOCAL,/opt/conda/lib/python3.8/site-packages/ipykernel_launcher.py,jovyan,FINISHED,10,50,500,"Embedding (max_top_words=500, max_opinion_length=50, embedding_vector_lengths=400, units=32, epochs=10, nobs=0)",0,32,155.7860083580017,0.657961368560791,0.7337976694107056,0.7337976694107056,0.7338098287582397,0.7338098287582397,0.7337976694107056,0.7942931652069092,0.682637095451355,0.682637095451355,0.6678261160850525,0.6730434894561768,0.6733770966529846,0.6869198679924011,0.7236341834068298,0.7538716197013855,0.6296916604042053,0.6335979104042053
52ac69dee99f4f11a957fa698da2c33e,"Embedding (max_top_words=500, max_opinion_length=60, embedding_vector_lengths=500, units=64, epochs=10, nobs=2)",LOCAL,/opt/conda/lib/python3.8/site-packages/ipykernel_launcher.py,jovyan,FINISHED,10,60,500,"Embedding (max_top_words=500, max_opinion_length=60, embedding_vector_lengths=500, units=64, epochs=10, nobs=2)",2,64,810.0550689697266,0.5919826030731201,0.7630102634429932,0.7661056518554688,0.7540175318717957,0.757080614566803,0.7630102634429932,0.8012450337409973,0.718700647354126,0.718700647354126,0.7356521487236023,0.739130437374115,0.7355225682258606,0.7459068894386292,0.7641536593437195,0.8048427104949951,0.709697425365448,0.7215815186500549
3d8fc5b3df2f4705973caede20cf3004,"Embedding (max_top_words=500, max_opinion_length=60, embedding_vector_lengths=500, units=32, epochs=10, nobs=2)",LOCAL,/opt/conda/lib/python3.8/site-packages/ipykernel_launcher.py,jovyan,FINISHED,10,60,500,"Embedding (max_top_words=500, max_opinion_length=60, embedding_vector_lengths=500, units=32, epochs=10, nobs=2)",2,32,614.3367147445679,0.5965896844863892,0.763977587223053,0.763977587223053,0.7582093477249146,0.7582093477249146,0.763977587223053,0.8010770082473755,0.7215136289596558,0.7215136289596558,0.7373912930488586,0.7373912930488586,0.7588289380073547,0.7588289380073547,0.7955681681632996,0.7996403574943542,0.7254877686500549,0.7254877686500549
51ae6f3ee2c64eaa8cd9df47be5fd8f5,"Embedding (max_top_words=500, max_opinion_length=60, embedding_vector_lengths=400, units=64, epochs=10, nobs=2)",LOCAL,/opt/conda/lib/python3.8/site-packages/ipykernel_launcher.py,jovyan,FINISHED,10,60,500,"Embedding (max_top_words=500, max_opinion_length=60, embedding_vector_lengths=400, units=64, epochs=10, nobs=2)",2,64,760.6280314922333,0.5778985023498535,0.7695879340171814,0.7695879340171814,0.7650030851364136,0.7650030851364136,0.7695879340171814,0.8021863102912903,0.7312697172164917,0.7312697172164917,0.7443478107452393,0.747826099395752,0.7643131613731384,0.765742301940918,0.7957205772399902,0.7982847094535828,0.7359044551849365,0.7411954402923584
79dfd27fa76c40bd80d4369f29d0420a,"Embedding (max_top_words=500, max_opinion_length=60, embedding_vector_lengths=400, units=32, epochs=10, nobs=2)",LOCAL,/opt/conda/lib/python3.8/site-packages/ipykernel_launcher.py,jovyan,FINISHED,10,60,500,"Embedding (max_top_words=500, max_opinion_length=60, embedding_vector_lengths=400, units=32, epochs=10, nobs=2)",2,32,564.6423695087433,0.5980674624443054,0.7635906338691711,0.7635906338691711,0.7575980424880981,0.7575980424880981,0.7635906338691711,0.7973044514656067,0.722443699836731,0.722443699836731,0.7408695816993713,0.7460869550704956,0.7516422271728516,0.7551475167274475,0.7817915081977844,0.8333333134651184,0.7241029739379883,0.7267898917198181
1712f1fa3f7a4ee8992c66c4791279c8,"Embedding (max_top_words=500, max_opinion_length=60, embedding_vector_lengths=500, units=64, epochs=10, nobs=1)",LOCAL,/opt/conda/lib/python3.8/site-packages/ipykernel_launcher.py,jovyan,FINISHED,10,60,500,"Embedding (max_top_words=500, max_opinion_length=60, embedding_vector_lengths=500, units=64, epochs=10, nobs=1)",1,64,475.16487431526184,0.5982980132102966,0.7583671808242798,0.7583671808242798,0.7485678195953369,0.7485678195953369,0.7583671808242798,0.8052446246147156,0.7016103267669678,0.7016103267669678,0.7339130640029907,0.7339130640029907,0.7340670228004456,0.7340670228004456,0.765336811542511,0.8965632319450378,0.705791175365448,0.705791175365448
7b394167484549fabeb7aca7025b4cda,"Embedding (max_top_words=500, max_opinion_length=60, embedding_vector_lengths=500, units=32, epochs=10, nobs=1)",LOCAL,/opt/conda/lib/python3.8/site-packages/ipykernel_launcher.py,jovyan,FINISHED,10,60,500,"Embedding (max_top_words=500, max_opinion_length=60, embedding_vector_lengths=500, units=32, epochs=10, nobs=1)",1,32,788.1042256355286,0.602550208568573,0.7593345046043396,0.7593345046043396,0.7544125914573669,0.7544125914573669,0.7593345046043396,0.8031004667282104,0.7115525007247925,0.7115525007247925,0.739130437374115,0.7426086664199829,0.7494303584098816,0.7494303584098816,0.7783610224723816,0.7783610224723816,0.7227182388305664,0.7227182388305664
73bc1a1b637d4708b73ad2053f14bf95,"Embedding (max_top_words=500, max_opinion_length=60, embedding_vector_lengths=400, units=64, epochs=10, nobs=1)",LOCAL,/opt/conda/lib/python3.8/site-packages/ipykernel_launcher.py,jovyan,FINISHED,10,60,500,"Embedding (max_top_words=500, max_opinion_length=60, embedding_vector_lengths=400, units=64, epochs=10, nobs=1)",1,64,543.5836002826691,0.6204749941825867,0.7544979453086853,0.7544979453086853,0.7399073839187622,0.7399073839187622,0.7544979453086853,0.7986781001091003,0.6894360780715942,0.6894360780715942,0.730434775352478,0.730434775352478,0.7351898550987244,0.7351898550987244,0.7584671974182129,0.8351213932037354,0.7136862874031067,0.7136862874031067
2124df0a64a5403e85fb8cee98231dde,"Embedding (max_top_words=500, max_opinion_length=60, embedding_vector_lengths=400, units=32, epochs=10, nobs=1)",LOCAL,/opt/conda/lib/python3.8/site-packages/ipykernel_launcher.py,jovyan,FINISHED,10,60,500,"Embedding (max_top_words=500, max_opinion_length=60, embedding_vector_lengths=400, units=32, epochs=10, nobs=1)",1,32,338.0427448749542,0.6432690620422363,0.7444379925727844,0.7444379925727844,0.7294426560401917,0.7294426560401917,0.7444379925727844,0.7977582216262817,0.6723456978797913,0.6723456978797913,0.7217391133308411,0.7217391133308411,0.7182133197784424,0.7182133197784424,0.7603660225868225,0.8010695576667786,0.680720865726471,0.680720865726471
9f6b26689fac4480a3050d7474bbdd55,"Embedding (max_top_words=500, max_opinion_length=60, embedding_vector_lengths=500, units=64, epochs=10, nobs=0)",LOCAL,/opt/conda/lib/python3.8/site-packages/ipykernel_launcher.py,jovyan,FINISHED,10,60,500,"Embedding (max_top_words=500, max_opinion_length=60, embedding_vector_lengths=500, units=64, epochs=10, nobs=0)",0,64,260.29631328582764,0.6404827237129211,0.7425034046173096,0.7455987334251404,0.734004020690918,0.7368935346603394,0.7425034046173096,0.8078751564025879,0.6729645133018494,0.6792281270027161,0.695652186870575,0.695652186870575,0.6953320503234863,0.6953320503234863,0.7823657989501953,0.7823657989501953,0.6257854104042053,0.6453993320465088
158320ac48324bffbe7a4f07da94d1d9,"Embedding (max_top_words=500, max_opinion_length=60, embedding_vector_lengths=500, units=32, epochs=10, nobs=0)",LOCAL,/opt/conda/lib/python3.8/site-packages/ipykernel_launcher.py,jovyan,FINISHED,10,60,500,"Embedding (max_top_words=500, max_opinion_length=60, embedding_vector_lengths=500, units=32, epochs=10, nobs=0)",0,32,198.3743817806244,0.6694986820220947,0.7320564985275269,0.7320564985275269,0.7244477272033691,0.7244477272033691,0.7320564985275269,0.7982940673828125,0.663849949836731,0.663849949836731,0.6713043451309204,0.6730434894561768,0.6785387992858887,0.6785387992858887,0.7650048732757568,0.7949118614196777,0.6099950671195984,0.6244832873344421
4d779315beec480bae0ce63f09d92467,"Embedding (max_top_words=500, max_opinion_length=60, embedding_vector_lengths=400, units=64, epochs=10, nobs=0)",LOCAL,/opt/conda/lib/python3.8/site-packages/ipykernel_launcher.py,jovyan,FINISHED,10,60,500,"Embedding (max_top_words=500, max_opinion_length=60, embedding_vector_lengths=400, units=64, epochs=10, nobs=0)",0,64,226.86626648902893,0.6356188058853149,0.7455987334251404,0.7455987334251404,0.7316204905509949,0.7316204905509949,0.7455987334251404,0.810357928276062,0.6671563386917114,0.6671563386917114,0.6939130425453186,0.6939130425453186,0.6871657371520996,0.6985135078430176,0.7784560322761536,0.7784560322761536,0.6152860522270203,0.6427951455116272
162934fd676f4f0fb8b1e6037e82a303,"Embedding (max_top_words=500, max_opinion_length=60, embedding_vector_lengths=400, units=32, epochs=10, nobs=0)",LOCAL,/opt/conda/lib/python3.8/site-packages/ipykernel_launcher.py,jovyan,FINISHED,10,60,500,"Embedding (max_top_words=500, max_opinion_length=60, embedding_vector_lengths=400, units=32, epochs=10, nobs=0)",0,32,174.85422372817993,0.6537236571311951,0.7407622337341309,0.7407622337341309,0.7361416816711426,0.7361416816711426,0.7407622337341309,0.7939528226852417,0.6862738728523254,0.6882592439651489,0.678260862827301,0.678260862827301,0.688077449798584,0.6949484944343567,0.7567873001098633,0.8048677444458008,0.6309937238693237,0.6454820036888123
