,run_id,experiment_id,status,artifact_uri,start_time,end_time,metrics.val_precision_max,metrics.train_precision_max,metrics.val_accuracy_max,metrics.val_accuracy_curr,metrics.train_accuracy_curr,metrics.val_recall_max,metrics.train_recall_max,metrics.val_f1_curr,metrics.train_precision_curr,metrics.train_f1_curr,metrics.train_accuracy_max,metrics.train_f1_max,metrics.calc_time,metrics.val_recall_curr,metrics.val_f1_max,metrics.train_recall_curr,metrics.loss,metrics.val_precision_curr,params.max_opinion_length,params.model,params.unit,params.epoch,params.nob,params.max_top_words,tags.mlflow.source.name,tags.mlflow.source.type,tags.mlflow.runName,tags.mlflow.user
0,21760e617fa24b8aa34e8a98876477f7,2,FINISHED,file:///home/jovyan/nlp2/shared-mlruns/team-three/mariusz/2/21760e617fa24b8aa34e8a98876477f7/artifacts,2021-10-10 07:16:21.230000+00:00,2021-10-10 07:19:10.231000+00:00,0.6755821108818054,0.6889918446540833,0.5234782695770264,0.5199999809265137,0.5945057272911072,0.3493923842906952,0.4306061565876007,0.4412006437778473,0.5945057272911072,0.5295806527137756,0.5945057272911072,0.5295806527137756,167.22536706924438,0.3493923842906952,0.4412006437778473,0.4306061565876007,0.9354782104492188,0.600584089756012,10,"Embedding (max_top_words=300, max_opinion_length=10, embedding_vector_lengths=500, units=64, epochs=10, nobs=2)",64,10,2,300,/opt/conda/lib/python3.8/site-packages/ipykernel_launcher.py,LOCAL,"Embedding (max_top_words=300, max_opinion_length=10, embedding_vector_lengths=500, units=64, epochs=10, nobs=2)",jovyan
1,92fe2d24a69545fc83a8837a42052235,2,FINISHED,file:///home/jovyan/nlp2/shared-mlruns/team-three/mariusz/2/92fe2d24a69545fc83a8837a42052235/artifacts,2021-10-10 07:13:59.728000+00:00,2021-10-10 07:16:17.299000+00:00,0.7222222685813904,0.7462618947029114,0.5269564986228943,0.5078260898590088,0.5916038155555725,0.33099785447120667,0.4289320409297943,0.4327099621295929,0.5916038155555725,0.5232890248298645,0.5916038155555725,0.5271983742713928,135.95293283462524,0.33099785447120667,0.43482735753059387,0.42868152260780334,0.9401158094406128,0.6305397152900696,10,"Embedding (max_top_words=300, max_opinion_length=10, embedding_vector_lengths=500, units=32, epochs=10, nobs=2)",32,10,2,300,/opt/conda/lib/python3.8/site-packages/ipykernel_launcher.py,LOCAL,"Embedding (max_top_words=300, max_opinion_length=10, embedding_vector_lengths=500, units=32, epochs=10, nobs=2)",jovyan
2,f9b7fe06f8b6441698888ee3f9d5819c,2,FINISHED,file:///home/jovyan/nlp2/shared-mlruns/team-three/mariusz/2/f9b7fe06f8b6441698888ee3f9d5819c/artifacts,2021-10-10 07:11:19.490000+00:00,2021-10-10 07:13:58.528000+00:00,0.666666567325592,0.7144635319709778,0.5234782695770264,0.5199999809265137,0.5819307565689087,0.32977843284606934,0.42004525661468506,0.43376222252845764,0.5819307565689087,0.5192829370498657,0.5819307565689087,0.5192829370498657,157.40789556503296,0.32977843284606934,0.43376222252845764,0.42004525661468506,0.9483702778816223,0.6365248560905457,10,"Embedding (max_top_words=300, max_opinion_length=10, embedding_vector_lengths=400, units=64, epochs=10, nobs=2)",64,10,2,300,/opt/conda/lib/python3.8/site-packages/ipykernel_launcher.py,LOCAL,"Embedding (max_top_words=300, max_opinion_length=10, embedding_vector_lengths=400, units=64, epochs=10, nobs=2)",jovyan
3,b3d186d051614fdbb9e798eb17445291,2,FINISHED,file:///home/jovyan/nlp2/shared-mlruns/team-three/mariusz/2/b3d186d051614fdbb9e798eb17445291/artifacts,2021-10-10 07:09:00.521000+00:00,2021-10-10 07:11:18.156000+00:00,0.6787301898002625,0.6823640465736389,0.5130434632301331,0.5130434632301331,0.5832849740982056,0.32994377613067627,0.4195062220096588,0.43206480145454407,0.5832849740982056,0.5180752873420715,0.5832849740982056,0.5180752873420715,135.94771361351013,0.32977843284606934,0.43907442688941956,0.4195062220096588,0.9495269060134888,0.6320189237594604,10,"Embedding (max_top_words=300, max_opinion_length=10, embedding_vector_lengths=400, units=32, epochs=10, nobs=2)",32,10,2,300,/opt/conda/lib/python3.8/site-packages/ipykernel_launcher.py,LOCAL,"Embedding (max_top_words=300, max_opinion_length=10, embedding_vector_lengths=400, units=32, epochs=10, nobs=2)",jovyan
4,9010690832934d3da492351f318c6e5d,2,FINISHED,file:///home/jovyan/nlp2/shared-mlruns/team-three/mariusz/2/9010690832934d3da492351f318c6e5d/artifacts,2021-10-10 07:07:15.920000+00:00,2021-10-10 07:08:59.278000+00:00,0.7283950448036194,0.6978772282600403,0.5269564986228943,0.5165217518806458,0.5946991443634033,0.32587218284606934,0.440548300743103,0.4246818721294403,0.5946991443634033,0.5244457125663757,0.5946991443634033,0.5396469831466675,102.17036271095276,0.32587218284606934,0.4282500743865967,0.4234314560890198,0.9295513033866882,0.6120903491973877,10,"Embedding (max_top_words=300, max_opinion_length=10, embedding_vector_lengths=500, units=64, epochs=10, nobs=1)",64,10,1,300,/opt/conda/lib/python3.8/site-packages/ipykernel_launcher.py,LOCAL,"Embedding (max_top_words=300, max_opinion_length=10, embedding_vector_lengths=500, units=64, epochs=10, nobs=1)",jovyan
5,6c0d6229f0c64f27870942f6a110c0dd,2,FINISHED,file:///home/jovyan/nlp2/shared-mlruns/team-three/mariusz/2/6c0d6229f0c64f27870942f6a110c0dd/artifacts,2021-10-10 07:05:48.611000+00:00,2021-10-10 07:07:14.628000+00:00,0.7546296119689941,0.7016623616218567,0.5286956429481506,0.5234782695770264,0.5948926210403442,0.3496403694152832,0.42756542563438416,0.43091270327568054,0.5948926210403442,0.5303597450256348,0.5948926210403442,0.5303597450256348,84.7354998588562,0.3298611342906952,0.4573144018650055,0.42756542563438416,0.9240321516990662,0.6216277480125427,10,"Embedding (max_top_words=300, max_opinion_length=10, embedding_vector_lengths=500, units=32, epochs=10, nobs=1)",32,10,1,300,/opt/conda/lib/python3.8/site-packages/ipykernel_launcher.py,LOCAL,"Embedding (max_top_words=300, max_opinion_length=10, embedding_vector_lengths=500, units=32, epochs=10, nobs=1)",jovyan
6,b6b2d41974f34dc38bc7a232875a8672,2,FINISHED,file:///home/jovyan/nlp2/shared-mlruns/team-three/mariusz/2/b6b2d41974f34dc38bc7a232875a8672/artifacts,2021-10-10 07:04:07.620000+00:00,2021-10-10 07:05:45.427000+00:00,0.7660256028175354,0.6969931721687317,0.5269564986228943,0.5182608962059021,0.5859934091567993,0.3165922462940216,0.4186786413192749,0.4246607720851898,0.5859934091567993,0.5196478962898254,0.5937318801879883,0.5196478962898254,96.51367807388306,0.3165922462940216,0.4246607720851898,0.4186786413192749,0.934317409992218,0.6536434888839722,10,"Embedding (max_top_words=300, max_opinion_length=10, embedding_vector_lengths=400, units=64, epochs=10, nobs=1)",64,10,1,300,/opt/conda/lib/python3.8/site-packages/ipykernel_launcher.py,LOCAL,"Embedding (max_top_words=300, max_opinion_length=10, embedding_vector_lengths=400, units=64, epochs=10, nobs=1)",jovyan
7,f91665ea976f45d78dbd08c42ab68765,2,FINISHED,file:///home/jovyan/nlp2/shared-mlruns/team-three/mariusz/2/f91665ea976f45d78dbd08c42ab68765/artifacts,2021-10-10 07:02:47.329000+00:00,2021-10-10 07:04:06.387000+00:00,0.7222221493721008,0.7013458609580994,0.530434787273407,0.530434787273407,0.5871542096138,0.3286416828632355,0.41927841305732727,0.4137052595615387,0.5871542096138,0.5200343132019043,0.5871542096138,0.5200343132019043,77.8192081451416,0.31146660447120667,0.43466079235076904,0.41927841305732727,0.9365743398666382,0.6169459223747253,10,"Embedding (max_top_words=300, max_opinion_length=10, embedding_vector_lengths=400, units=32, epochs=10, nobs=1)",32,10,1,300,/opt/conda/lib/python3.8/site-packages/ipykernel_launcher.py,LOCAL,"Embedding (max_top_words=300, max_opinion_length=10, embedding_vector_lengths=400, units=32, epochs=10, nobs=1)",jovyan
8,ee5b7516960346d3b68b4ba28fe41fef,2,FINISHED,file:///home/jovyan/nlp2/shared-mlruns/team-three/mariusz/2/ee5b7516960346d3b68b4ba28fe41fef/artifacts,2021-10-10 07:01:46.164000+00:00,2021-10-10 07:02:46.080000+00:00,0.6557848453521729,0.7080137133598328,0.5182608962059021,0.5130434632301331,0.6136583685874939,0.35728752613067627,0.47799745202064514,0.4460694491863251,0.6136583685874939,0.5680567622184753,0.6190752387046814,0.5680567622184753,58.934895753860474,0.35728752613067627,0.4460694491863251,0.47799745202064514,0.8840053677558899,0.5940883159637451,10,"Embedding (max_top_words=300, max_opinion_length=10, embedding_vector_lengths=500, units=64, epochs=10, nobs=0)",64,10,0,300,/opt/conda/lib/python3.8/site-packages/ipykernel_launcher.py,LOCAL,"Embedding (max_top_words=300, max_opinion_length=10, embedding_vector_lengths=500, units=64, epochs=10, nobs=0)",jovyan
9,b3820e0b6ccb44a88edb5ecbf281d797,2,FINISHED,file:///home/jovyan/nlp2/shared-mlruns/team-three/mariusz/2/b3820e0b6ccb44a88edb5ecbf281d797/artifacts,2021-10-10 07:00:54.478000+00:00,2021-10-10 07:01:44.885000+00:00,0.7120726108551025,0.706933856010437,0.5199999809265137,0.5199999809265137,0.6078545451164246,0.3415798842906952,0.4586104452610016,0.4164159595966339,0.6078545451164246,0.5557178258895874,0.6078545451164246,0.5557178258895874,49.41299343109131,0.32058119773864746,0.4418783187866211,0.4586104452610016,0.8935165405273438,0.5955075621604919,10,"Embedding (max_top_words=300, max_opinion_length=10, embedding_vector_lengths=500, units=32, epochs=10, nobs=0)",32,10,0,300,/opt/conda/lib/python3.8/site-packages/ipykernel_launcher.py,LOCAL,"Embedding (max_top_words=300, max_opinion_length=10, embedding_vector_lengths=500, units=32, epochs=10, nobs=0)",jovyan
10,84b1e8b0c7bb4836880fc806e0910d8c,2,FINISHED,file:///home/jovyan/nlp2/shared-mlruns/team-three/mariusz/2/84b1e8b0c7bb4836880fc806e0910d8c/artifacts,2021-10-10 06:59:54.992000+00:00,2021-10-10 07:00:50.088000+00:00,0.7785714268684387,0.7048774361610413,0.5147826075553894,0.5147826075553894,0.6132714152336121,0.34800758957862854,0.4644792973995209,0.4391309916973114,0.6132714152336121,0.5589526295661926,0.6132714152336121,0.5589526295661926,54.144662857055664,0.34800758957862854,0.44377580285072327,0.4644792973995209,0.8968153595924377,0.5969246625900269,10,"Embedding (max_top_words=300, max_opinion_length=10, embedding_vector_lengths=400, units=64, epochs=10, nobs=0)",64,10,0,300,/opt/conda/lib/python3.8/site-packages/ipykernel_launcher.py,LOCAL,"Embedding (max_top_words=300, max_opinion_length=10, embedding_vector_lengths=400, units=64, epochs=10, nobs=0)",jovyan
11,cb8b24fd91f34242acfc77d5c39f0127,2,FINISHED,file:///home/jovyan/nlp2/shared-mlruns/team-three/mariusz/2/cb8b24fd91f34242acfc77d5c39f0127/artifacts,2021-10-10 06:59:08.023000+00:00,2021-10-10 06:59:53.617000+00:00,0.7100301384925842,0.7047415375709534,0.5043478012084961,0.5026087164878845,0.6101760268211365,0.3428819477558136,0.4534856379032135,0.4097632169723511,0.6101760268211365,0.5498279929161072,0.6101760268211365,0.5498279929161072,44.57677412033081,0.3126859962940216,0.44000986218452454,0.4534856379032135,0.9025483727455139,0.5962305665016174,10,"Embedding (max_top_words=300, max_opinion_length=10, embedding_vector_lengths=400, units=32, epochs=10, nobs=0)",32,10,0,300,/opt/conda/lib/python3.8/site-packages/ipykernel_launcher.py,LOCAL,"Embedding (max_top_words=300, max_opinion_length=10, embedding_vector_lengths=400, units=32, epochs=10, nobs=0)",jovyan
12,31c9b26fc22f47558d977337d431fc8c,2,FINISHED,file:///home/jovyan/nlp2/shared-mlruns/team-three/mariusz/2/31c9b26fc22f47558d977337d431fc8c/artifacts,2021-10-10 06:49:46.324000+00:00,2021-10-10 06:59:06.740000+00:00,1.0,0.7626864314079285,0.7130434513092041,0.7130434513092041,0.7113561630249023,0.6349826455116272,0.629912257194519,0.7009494304656982,0.7113561630249023,0.6897429823875427,0.7113561630249023,0.6897429823875427,558.6649742126465,0.6349826455116272,0.7009494304656982,0.629912257194519,0.7097927331924438,0.7830747961997986,40,"Embedding (max_top_words=300, max_opinion_length=40, embedding_vector_lengths=500, units=64, epochs=10, nobs=2)",64,10,2,300,/opt/conda/lib/python3.8/site-packages/ipykernel_launcher.py,LOCAL,"Embedding (max_top_words=300, max_opinion_length=40, embedding_vector_lengths=500, units=64, epochs=10, nobs=2)",jovyan
13,e372770f729d413799fac9da42dabc29,2,FINISHED,file:///home/jovyan/nlp2/shared-mlruns/team-three/mariusz/2/e372770f729d413799fac9da42dabc29/artifacts,2021-10-10 06:42:43.695000+00:00,2021-10-10 06:49:45.028000+00:00,0.7904098629951477,0.7579379081726074,0.6904347538948059,0.6852173805236816,0.6999419331550598,0.637752115726471,0.6256946921348572,0.689713716506958,0.6999419331550598,0.6852278113365173,0.6999419331550598,0.6852278113365173,419.6790599822998,0.637752115726471,0.7007539868354797,0.6256946921348572,0.7194473743438721,0.7509805560112,40,"Embedding (max_top_words=300, max_opinion_length=40, embedding_vector_lengths=500, units=32, epochs=10, nobs=2)",32,10,2,300,/opt/conda/lib/python3.8/site-packages/ipykernel_launcher.py,LOCAL,"Embedding (max_top_words=300, max_opinion_length=40, embedding_vector_lengths=500, units=32, epochs=10, nobs=2)",jovyan
14,a3ec98dbacfa4c739b3ee9ba117c00c3,2,FINISHED,file:///home/jovyan/nlp2/shared-mlruns/team-three/mariusz/2/a3ec98dbacfa4c739b3ee9ba117c00c3/artifacts,2021-10-10 06:34:05.661000+00:00,2021-10-10 06:42:42.441000+00:00,0.8067887425422668,0.7535465955734253,0.7078260779380798,0.6939130425453186,0.7005223631858826,0.657283365726471,0.6190817952156067,0.7040445804595947,0.7005223631858826,0.6767067909240723,0.7005223631858826,0.6795350313186646,515.0388522148132,0.641658365726471,0.7072674632072449,0.6167851090431213,0.7275782227516174,0.780005931854248,40,"Embedding (max_top_words=300, max_opinion_length=40, embedding_vector_lengths=400, units=64, epochs=10, nobs=2)",64,10,2,300,/opt/conda/lib/python3.8/site-packages/ipykernel_launcher.py,LOCAL,"Embedding (max_top_words=300, max_opinion_length=40, embedding_vector_lengths=400, units=64, epochs=10, nobs=2)",jovyan
15,1859b6bfddcc4109b249aceb7aed6641,2,FINISHED,file:///home/jovyan/nlp2/shared-mlruns/team-three/mariusz/2/1859b6bfddcc4109b249aceb7aed6641/artifacts,2021-10-10 06:27:22.818000+00:00,2021-10-10 06:34:04.348000+00:00,0.7934277057647705,0.7603472471237183,0.695652186870575,0.6834782361984253,0.689688503742218,0.6470320820808411,0.6050056219100952,0.7035120129585266,0.689688503742218,0.6689745187759399,0.6904623508453369,0.6689745187759399,399.8191270828247,0.6470320820808411,0.7035120129585266,0.6050056219100952,0.7488606572151184,0.7718107104301453,40,"Embedding (max_top_words=300, max_opinion_length=40, embedding_vector_lengths=400, units=32, epochs=10, nobs=2)",32,10,2,300,/opt/conda/lib/python3.8/site-packages/ipykernel_launcher.py,LOCAL,"Embedding (max_top_words=300, max_opinion_length=40, embedding_vector_lengths=400, units=32, epochs=10, nobs=2)",jovyan
16,90b0172ba1bb4203944115ba93461403,2,FINISHED,file:///home/jovyan/nlp2/shared-mlruns/team-three/mariusz/2/90b0172ba1bb4203944115ba93461403/artifacts,2021-10-10 06:21:47.057000+00:00,2021-10-10 06:27:21.540000+00:00,0.7902460098266602,0.7667714357376099,0.7165217399597168,0.7095652222633362,0.7041981220245361,0.653377115726471,0.619886577129364,0.7047699093818665,0.7041981220245361,0.6828836798667908,0.7041981220245361,0.6828836798667908,333.22276616096497,0.653377115726471,0.7047699093818665,0.619886577129364,0.7138568758964539,0.7649922966957092,40,"Embedding (max_top_words=300, max_opinion_length=40, embedding_vector_lengths=500, units=64, epochs=10, nobs=1)",64,10,1,300,/opt/conda/lib/python3.8/site-packages/ipykernel_launcher.py,LOCAL,"Embedding (max_top_words=300, max_opinion_length=40, embedding_vector_lengths=500, units=64, epochs=10, nobs=1)",jovyan
17,fe8234103f5444208a592299d37b4a62,2,FINISHED,file:///home/jovyan/nlp2/shared-mlruns/team-three/mariusz/2/fe8234103f5444208a592299d37b4a62/artifacts,2021-10-10 06:17:27.745000+00:00,2021-10-10 06:21:45.828000+00:00,0.7962071895599365,0.7655254602432251,0.7008695602416992,0.7008695602416992,0.6999419331550598,0.636532723903656,0.6101114749908447,0.6967849135398865,0.6999419331550598,0.6789098978042603,0.6999419331550598,0.6789098978042603,256.9150011539459,0.636532723903656,0.6967849135398865,0.6101114749908447,0.7254565954208374,0.7698938250541687,40,"Embedding (max_top_words=300, max_opinion_length=40, embedding_vector_lengths=500, units=32, epochs=10, nobs=1)",32,10,1,300,/opt/conda/lib/python3.8/site-packages/ipykernel_launcher.py,LOCAL,"Embedding (max_top_words=300, max_opinion_length=40, embedding_vector_lengths=500, units=32, epochs=10, nobs=1)",jovyan
18,4b9a9af2d4384ffca379e2a487a912b4,2,FINISHED,file:///home/jovyan/nlp2/shared-mlruns/team-three/mariusz/2/4b9a9af2d4384ffca379e2a487a912b4/artifacts,2021-10-10 06:12:21.861000+00:00,2021-10-10 06:17:26.433000+00:00,0.9999999403953552,0.7551184892654419,0.7060869336128235,0.7008695602416992,0.6931708455085754,0.622127115726471,0.5993834733963013,0.6823738217353821,0.6931708455085754,0.6680651903152466,0.6931708455085754,0.6680651903152466,303.3354957103729,0.622127115726471,0.6852219104766846,0.5993834733963013,0.7343315482139587,0.7559536099433899,40,"Embedding (max_top_words=300, max_opinion_length=40, embedding_vector_lengths=400, units=64, epochs=10, nobs=1)",64,10,1,300,/opt/conda/lib/python3.8/site-packages/ipykernel_launcher.py,LOCAL,"Embedding (max_top_words=300, max_opinion_length=40, embedding_vector_lengths=400, units=64, epochs=10, nobs=1)",jovyan
19,1ada4d3d321e41f48817534a69851bf0,2,FINISHED,file:///home/jovyan/nlp2/shared-mlruns/team-three/mariusz/2/1ada4d3d321e41f48817534a69851bf0/artifacts,2021-10-10 06:08:16.315000+00:00,2021-10-10 06:12:20.617000+00:00,0.7783719897270203,0.7473968863487244,0.6991304159164429,0.6852173805236816,0.6889146566390991,0.6432085037231445,0.5963465571403503,0.6962878108024597,0.6889146566390991,0.6629119515419006,0.6889146566390991,0.6629119515419006,243.0831377506256,0.6432085037231445,0.6962878108024597,0.5963465571403503,0.7423252463340759,0.7595729231834412,40,"Embedding (max_top_words=300, max_opinion_length=40, embedding_vector_lengths=400, units=32, epochs=10, nobs=1)",32,10,1,300,/opt/conda/lib/python3.8/site-packages/ipykernel_launcher.py,LOCAL,"Embedding (max_top_words=300, max_opinion_length=40, embedding_vector_lengths=400, units=32, epochs=10, nobs=1)",jovyan
20,6ee58524dcf14507853c3e14e0ffaf17,2,FINISHED,file:///home/jovyan/nlp2/shared-mlruns/team-three/mariusz/2/6ee58524dcf14507853c3e14e0ffaf17/artifacts,2021-10-10 06:05:04.804000+00:00,2021-10-10 06:08:15.021000+00:00,0.8391032218933105,0.7725566029548645,0.7043478488922119,0.7043478488922119,0.7185142040252686,0.6009631156921387,0.6299312114715576,0.6821913719177246,0.7185142040252686,0.6936869621276855,0.7185142040252686,0.6936869621276855,189.22061419487,0.6009631156921387,0.6821913719177246,0.6299312114715576,0.7073622345924377,0.7888783812522888,40,"Embedding (max_top_words=300, max_opinion_length=40, embedding_vector_lengths=500, units=64, epochs=10, nobs=0)",64,10,0,300,/opt/conda/lib/python3.8/site-packages/ipykernel_launcher.py,LOCAL,"Embedding (max_top_words=300, max_opinion_length=40, embedding_vector_lengths=500, units=64, epochs=10, nobs=0)",jovyan
21,ff286e3b79ad4b9ab89c808b4faa0b88,2,FINISHED,file:///home/jovyan/nlp2/shared-mlruns/team-three/mariusz/2/ff286e3b79ad4b9ab89c808b4faa0b88/artifacts,2021-10-10 06:02:35.911000+00:00,2021-10-10 06:05:03.528000+00:00,0.7666666507720947,0.7610142230987549,0.6591304540634155,0.6486956477165222,0.6985877156257629,0.6167535185813904,0.6268107295036316,0.6764753460884094,0.6985877156257629,0.6866198182106018,0.6985877156257629,0.6866198182106018,146.5906219482422,0.614314615726471,0.6764753460884094,0.6260249614715576,0.7385289072990417,0.7526772618293762,40,"Embedding (max_top_words=300, max_opinion_length=40, embedding_vector_lengths=500, units=32, epochs=10, nobs=0)",32,10,0,300,/opt/conda/lib/python3.8/site-packages/ipykernel_launcher.py,LOCAL,"Embedding (max_top_words=300, max_opinion_length=40, embedding_vector_lengths=500, units=32, epochs=10, nobs=0)",jovyan
22,4f24abeb460e41afba3e795145263773,2,FINISHED,file:///home/jovyan/nlp2/shared-mlruns/team-three/mariusz/2/4f24abeb460e41afba3e795145263773/artifacts,2021-10-10 05:59:41.809000+00:00,2021-10-10 06:02:34.569000+00:00,0.7799435257911682,0.762602686882019,0.6643478274345398,0.6643478274345398,0.6920100450515747,0.6115451455116272,0.617202639579773,0.6705422401428223,0.6920100450515747,0.6719214916229248,0.6920100450515747,0.6819052696228027,165.01651096343994,0.6115451455116272,0.6813918948173523,0.6057078838348389,0.7424413561820984,0.7422507405281067,40,"Embedding (max_top_words=300, max_opinion_length=40, embedding_vector_lengths=400, units=64, epochs=10, nobs=0)",64,10,0,300,/opt/conda/lib/python3.8/site-packages/ipykernel_launcher.py,LOCAL,"Embedding (max_top_words=300, max_opinion_length=40, embedding_vector_lengths=400, units=64, epochs=10, nobs=0)",jovyan
23,721067d5a56e401fbfbde598f4befd42,2,FINISHED,file:///home/jovyan/nlp2/shared-mlruns/team-three/mariusz/2/721067d5a56e401fbfbde598f4befd42/artifacts,2021-10-10 05:57:27.675000+00:00,2021-10-10 05:59:40.505000+00:00,0.8467943668365479,0.7732064127922058,0.6713043451309204,0.6608695387840271,0.7028439044952393,0.6052000522613525,0.6123436093330383,0.6777570247650146,0.7028439044952393,0.6809000968933105,0.7028439044952393,0.6809000968933105,131.84386563301086,0.6052000522613525,0.6777570247650146,0.6123436093330383,0.730696439743042,0.770319402217865,40,"Embedding (max_top_words=300, max_opinion_length=40, embedding_vector_lengths=400, units=32, epochs=10, nobs=0)",32,10,0,300,/opt/conda/lib/python3.8/site-packages/ipykernel_launcher.py,LOCAL,"Embedding (max_top_words=300, max_opinion_length=40, embedding_vector_lengths=400, units=32, epochs=10, nobs=0)",jovyan
24,521c2330b6d142aab849492d42decc8c,2,FINISHED,file:///home/jovyan/nlp2/shared-mlruns/team-three/mariusz/2/521c2330b6d142aab849492d42decc8c/artifacts,2021-10-10 05:46:05.804000+00:00,2021-10-10 05:57:26.399000+00:00,0.7974603772163391,0.7636257410049438,0.7339130640029907,0.7147825956344604,0.7175469398498535,0.6928529739379883,0.6527081727981567,0.7253453731536865,0.7175469398498535,0.7036841511726379,0.7175469398498535,0.7036841511726379,678.9085175991058,0.6928529739379883,0.7329831123352051,0.6527081727981567,0.6870312690734863,0.7620882391929626,50,"Embedding (max_top_words=300, max_opinion_length=50, embedding_vector_lengths=500, units=64, epochs=10, nobs=2)",64,10,2,300,/opt/conda/lib/python3.8/site-packages/ipykernel_launcher.py,LOCAL,"Embedding (max_top_words=300, max_opinion_length=50, embedding_vector_lengths=500, units=64, epochs=10, nobs=2)",jovyan
25,d7f5cf765e9e49bb9af1e6d488227199,2,FINISHED,file:///home/jovyan/nlp2/shared-mlruns/team-three/mariusz/2/d7f5cf765e9e49bb9af1e6d488227199/artifacts,2021-10-10 05:37:17.986000+00:00,2021-10-10 05:46:04.518000+00:00,0.784111738204956,0.7634254693984985,0.7026087045669556,0.6904347538948059,0.7096149921417236,0.6508556604385376,0.63532555103302,0.6981080174446106,0.7096149921417236,0.6914008259773254,0.7096149921417236,0.6914008259773254,524.8453450202942,0.6468667387962341,0.700657844543457,0.63532555103302,0.7046359181404114,0.7584832310676575,50,"Embedding (max_top_words=300, max_opinion_length=50, embedding_vector_lengths=500, units=32, epochs=10, nobs=2)",32,10,2,300,/opt/conda/lib/python3.8/site-packages/ipykernel_launcher.py,LOCAL,"Embedding (max_top_words=300, max_opinion_length=50, embedding_vector_lengths=500, units=32, epochs=10, nobs=2)",jovyan
26,a365a1c0d6764617984fb791cbaf0fcd,2,FINISHED,file:///home/jovyan/nlp2/shared-mlruns/team-three/mariusz/2/a365a1c0d6764617984fb791cbaf0fcd/artifacts,2021-10-10 05:26:22.549000+00:00,2021-10-10 05:37:16.716000+00:00,0.785544216632843,0.7754057049751282,0.7095652222633362,0.7078260779380798,0.714838445186615,0.645564615726471,0.6455789804458618,0.7064166069030762,0.714838445186615,0.7043793797492981,0.714838445186615,0.7043793797492981,652.4564628601074,0.645564615726471,0.7064166069030762,0.6455789804458618,0.6835176348686218,0.7800332903862,50,"Embedding (max_top_words=300, max_opinion_length=50, embedding_vector_lengths=400, units=64, epochs=10, nobs=2)",64,10,2,300,/opt/conda/lib/python3.8/site-packages/ipykernel_launcher.py,LOCAL,"Embedding (max_top_words=300, max_opinion_length=50, embedding_vector_lengths=400, units=64, epochs=10, nobs=2)",jovyan
27,caaba29ad84e468abbb33d6667acc7c6,2,FINISHED,file:///home/jovyan/nlp2/shared-mlruns/team-three/mariusz/2/caaba29ad84e468abbb33d6667acc7c6/artifacts,2021-10-10 05:18:07.746000+00:00,2021-10-10 05:26:21.256000+00:00,0.7889071106910706,0.7672148942947388,0.6991304159164429,0.6921738982200623,0.7076804041862488,0.6313244104385376,0.6271600127220154,0.696071445941925,0.7076804041862488,0.6898369789123535,0.7076804041862488,0.6898369789123535,491.89854645729065,0.6272528171539307,0.7012513279914856,0.6271600127220154,0.7069575190544128,0.7819595336914062,50,"Embedding (max_top_words=300, max_opinion_length=50, embedding_vector_lengths=400, units=32, epochs=10, nobs=2)",32,10,2,300,/opt/conda/lib/python3.8/site-packages/ipykernel_launcher.py,LOCAL,"Embedding (max_top_words=300, max_opinion_length=50, embedding_vector_lengths=400, units=32, epochs=10, nobs=2)",jovyan
28,6d881d7e46354d91b76ffecdb25ecd0b,2,FINISHED,file:///home/jovyan/nlp2/shared-mlruns/team-three/mariusz/2/6d881d7e46354d91b76ffecdb25ecd0b/artifacts,2021-10-10 05:11:13.560000+00:00,2021-10-10 05:18:06.519000+00:00,0.7777777314186096,0.7716936469078064,0.7026087045669556,0.7026087045669556,0.7109692692756653,0.6467840671539307,0.6297869682312012,0.6894307732582092,0.7109692692756653,0.6912789344787598,0.7109692692756653,0.6912789344787598,411.7273473739624,0.6467840671539307,0.6894307732582092,0.6297869682312012,0.697528600692749,0.7381746172904968,50,"Embedding (max_top_words=300, max_opinion_length=50, embedding_vector_lengths=500, units=64, epochs=10, nobs=1)",64,10,1,300,/opt/conda/lib/python3.8/site-packages/ipykernel_launcher.py,LOCAL,"Embedding (max_top_words=300, max_opinion_length=50, embedding_vector_lengths=500, units=64, epochs=10, nobs=1)",jovyan
29,72391ca6cf344fbeb62611d35fe74be2,2,FINISHED,file:///home/jovyan/nlp2/shared-mlruns/team-three/mariusz/2/72391ca6cf344fbeb62611d35fe74be2/artifacts,2021-10-10 05:05:44.484000+00:00,2021-10-10 05:11:12.229000+00:00,0.8666666150093079,0.7770196199417114,0.7078260779380798,0.6939130425453186,0.7181273102760315,0.648251473903656,0.6359860897064209,0.6912371516227722,0.7181273102760315,0.6993063688278198,0.7181273102760315,0.6993063688278198,326.5010802745819,0.648251473903656,0.6912371516227722,0.6359860897064209,0.684616208076477,0.7405940890312195,50,"Embedding (max_top_words=300, max_opinion_length=50, embedding_vector_lengths=500, units=32, epochs=10, nobs=1)",32,10,1,300,/opt/conda/lib/python3.8/site-packages/ipykernel_launcher.py,LOCAL,"Embedding (max_top_words=300, max_opinion_length=50, embedding_vector_lengths=500, units=32, epochs=10, nobs=1)",jovyan
30,30907be56e0d4b6681977395d5f10df0,2,FINISHED,file:///home/jovyan/nlp2/shared-mlruns/team-three/mariusz/2/30907be56e0d4b6681977395d5f10df0/artifacts,2021-10-10 04:59:20.683000+00:00,2021-10-10 05:05:43.255000+00:00,0.7645347714424133,0.7720616459846497,0.6921738982200623,0.6817391514778137,0.7012962102890015,0.652157723903656,0.6230905055999756,0.6978986263275146,0.7012962102890015,0.6847389936447144,0.7022634744644165,0.6868828535079956,381.3555603027344,0.652157723903656,0.6978986263275146,0.6230905055999756,0.7126873731613159,0.7506709098815918,50,"Embedding (max_top_words=300, max_opinion_length=50, embedding_vector_lengths=400, units=64, epochs=10, nobs=1)",64,10,1,300,/opt/conda/lib/python3.8/site-packages/ipykernel_launcher.py,LOCAL,"Embedding (max_top_words=300, max_opinion_length=50, embedding_vector_lengths=400, units=64, epochs=10, nobs=1)",jovyan
31,09c006d99d404dd68091046e5da1cde3,2,FINISHED,file:///home/jovyan/nlp2/shared-mlruns/team-three/mariusz/2/09c006d99d404dd68091046e5da1cde3/artifacts,2021-10-10 04:54:25.224000+00:00,2021-10-10 04:59:19.412000+00:00,0.8867102265357971,0.7704097032546997,0.6921738982200623,0.6921738982200623,0.7030373215675354,0.6417410969734192,0.6147199869155884,0.6846842765808105,0.7030373215675354,0.6818069815635681,0.7030373215675354,0.6818069815635681,292.9642963409424,0.6417410969734192,0.6846842765808105,0.6115995645523071,0.7192777395248413,0.7348573803901672,50,"Embedding (max_top_words=300, max_opinion_length=50, embedding_vector_lengths=400, units=32, epochs=10, nobs=1)",32,10,1,300,/opt/conda/lib/python3.8/site-packages/ipykernel_launcher.py,LOCAL,"Embedding (max_top_words=300, max_opinion_length=50, embedding_vector_lengths=400, units=32, epochs=10, nobs=1)",jovyan
32,c7411156cd85477ea7999a3a8922db75,2,FINISHED,file:///home/jovyan/nlp2/shared-mlruns/team-three/mariusz/2/c7411156cd85477ea7999a3a8922db75/artifacts,2021-10-10 04:50:41.802000+00:00,2021-10-10 04:54:23.920000+00:00,0.7701883912086487,0.7692944407463074,0.6747826337814331,0.6747826337814331,0.7144515514373779,0.6206597685813904,0.630447506904602,0.6752946376800537,0.7144515514373779,0.6904450058937073,0.7144515514373779,0.691409707069397,221.1070966720581,0.6206597685813904,0.6752946376800537,0.6266665458679199,0.7037103176116943,0.7405306696891785,50,"Embedding (max_top_words=300, max_opinion_length=50, embedding_vector_lengths=500, units=64, epochs=10, nobs=0)",64,10,0,300,/opt/conda/lib/python3.8/site-packages/ipykernel_launcher.py,LOCAL,"Embedding (max_top_words=300, max_opinion_length=50, embedding_vector_lengths=500, units=64, epochs=10, nobs=0)",jovyan
33,33b2f711c9624c66a4923fa5eb09d1e6,2,FINISHED,file:///home/jovyan/nlp2/shared-mlruns/team-three/mariusz/2/33b2f711c9624c66a4923fa5eb09d1e6/artifacts,2021-10-10 04:47:41.093000+00:00,2021-10-10 04:50:33.809000+00:00,0.7479912638664246,0.7635132670402527,0.6521739363670349,0.6521739363670349,0.7043915390968323,0.5985243320465088,0.6287733912467957,0.6589678525924683,0.7043915390968323,0.6894400715827942,0.7043915390968323,0.6894400715827942,171.7275710105896,0.5894097685813904,0.6593062281608582,0.6287733912467957,0.7228649854660034,0.7476571202278137,50,"Embedding (max_top_words=300, max_opinion_length=50, embedding_vector_lengths=500, units=32, epochs=10, nobs=0)",32,10,0,300,/opt/conda/lib/python3.8/site-packages/ipykernel_launcher.py,LOCAL,"Embedding (max_top_words=300, max_opinion_length=50, embedding_vector_lengths=500, units=32, epochs=10, nobs=0)",jovyan
34,4b0285192d104921a66bb9c8b1f2f6be,2,FINISHED,file:///home/jovyan/nlp2/shared-mlruns/team-three/mariusz/2/4b0285192d104921a66bb9c8b1f2f6be/artifacts,2021-10-10 04:44:13.263000+00:00,2021-10-10 04:47:39.837000+00:00,0.8054429888725281,0.7742860913276672,0.6973913311958313,0.6973913311958313,0.706713080406189,0.6049520373344421,0.626419723033905,0.683131992816925,0.706713080406189,0.6887540221214294,0.706713080406189,0.6906484961509705,205.64126348495483,0.5932332873344421,0.683131992816925,0.620858371257782,0.7107614278793335,0.8054429888725281,50,"Embedding (max_top_words=300, max_opinion_length=50, embedding_vector_lengths=400, units=64, epochs=10, nobs=0)",64,10,0,300,/opt/conda/lib/python3.8/site-packages/ipykernel_launcher.py,LOCAL,"Embedding (max_top_words=300, max_opinion_length=50, embedding_vector_lengths=400, units=64, epochs=10, nobs=0)",jovyan
35,dfa32e7300fe4b74829bca6f1569b332,2,FINISHED,file:///home/jovyan/nlp2/shared-mlruns/team-three/mariusz/2/dfa32e7300fe4b74829bca6f1569b332/artifacts,2021-10-10 04:41:33.977000+00:00,2021-10-10 04:44:12.018000+00:00,0.8611111044883728,0.7637174725532532,0.6573913097381592,0.6573913097381592,0.7022634744644165,0.6219618320465088,0.6352230906486511,0.6729046702384949,0.7022634744644165,0.6903759837150574,0.7022634744644165,0.6903759837150574,157.11216139793396,0.6219618320465088,0.6729046702384949,0.6352230906486511,0.7247400879859924,0.733008861541748,50,"Embedding (max_top_words=300, max_opinion_length=50, embedding_vector_lengths=400, units=32, epochs=10, nobs=0)",32,10,0,300,/opt/conda/lib/python3.8/site-packages/ipykernel_launcher.py,LOCAL,"Embedding (max_top_words=300, max_opinion_length=50, embedding_vector_lengths=400, units=32, epochs=10, nobs=0)",jovyan
36,2c2e2c635d284833a3b1b242963e9aa3,2,FINISHED,file:///home/jovyan/nlp2/shared-mlruns/team-three/mariusz/2/2c2e2c635d284833a3b1b242963e9aa3/artifacts,2021-10-10 04:28:00.213000+00:00,2021-10-10 04:41:32.651000+00:00,0.7627077698707581,0.7782385945320129,0.7078260779380798,0.6991304159164429,0.7227703332901001,0.6559813022613525,0.6537217497825623,0.7010828852653503,0.7227703332901001,0.7089228630065918,0.7227703332901001,0.7089228630065918,810.7155447006226,0.6559813022613525,0.7010828852653503,0.6537217497825623,0.6791893243789673,0.7537925839424133,60,"Embedding (max_top_words=300, max_opinion_length=60, embedding_vector_lengths=500, units=64, epochs=10, nobs=2)",64,10,2,300,/opt/conda/lib/python3.8/site-packages/ipykernel_launcher.py,LOCAL,"Embedding (max_top_words=300, max_opinion_length=60, embedding_vector_lengths=500, units=64, epochs=10, nobs=2)",jovyan
37,ce444569c5c84c89bd05b6b83db2bf8c,2,FINISHED,file:///home/jovyan/nlp2/shared-mlruns/team-three/mariusz/2/ce444569c5c84c89bd05b6b83db2bf8c/artifacts,2021-10-10 04:17:53.234000+00:00,2021-10-10 04:27:58.930000+00:00,0.7675884366035461,0.7818521857261658,0.6834782361984253,0.6817391514778137,0.7125169038772583,0.6311590671539307,0.6254479289054871,0.6747689247131348,0.7125169038772583,0.6894645094871521,0.7125169038772583,0.6912457346916199,603.9790210723877,0.6311590671539307,0.6829225420951843,0.6235232949256897,0.6959019303321838,0.7261404991149902,60,"Embedding (max_top_words=300, max_opinion_length=60, embedding_vector_lengths=500, units=32, epochs=10, nobs=2)",32,10,2,300,/opt/conda/lib/python3.8/site-packages/ipykernel_launcher.py,LOCAL,"Embedding (max_top_words=300, max_opinion_length=60, embedding_vector_lengths=500, units=32, epochs=10, nobs=2)",jovyan
38,6d26dd87bed24bc7bf7b970751535bb3,2,FINISHED,file:///home/jovyan/nlp2/shared-mlruns/team-three/mariusz/2/6d26dd87bed24bc7bf7b970751535bb3/artifacts,2021-10-10 04:05:13.960000+00:00,2021-10-10 04:17:51.920000+00:00,0.7857682704925537,0.7721409797668457,0.6939130425453186,0.6939130425453186,0.7156122922897339,0.6245660185813904,0.6383852958679199,0.6793277859687805,0.7156122922897339,0.6970677971839905,0.7156122922897339,0.6970677971839905,756.2524862289429,0.6073908805847168,0.6870811581611633,0.6383852958679199,0.6970974802970886,0.7712845802307129,60,"Embedding (max_top_words=300, max_opinion_length=60, embedding_vector_lengths=400, units=64, epochs=10, nobs=2)",64,10,2,300,/opt/conda/lib/python3.8/site-packages/ipykernel_launcher.py,LOCAL,"Embedding (max_top_words=300, max_opinion_length=60, embedding_vector_lengths=400, units=64, epochs=10, nobs=2)",jovyan
39,a61c2ff733c247328397a3f16b0d6d5b,2,FINISHED,file:///home/jovyan/nlp2/shared-mlruns/team-three/mariusz/2/a61c2ff733c247328397a3f16b0d6d5b/artifacts,2021-10-10 03:55:42.114000+00:00,2021-10-10 04:05:12.720000+00:00,0.7852391600608826,0.7672011852264404,0.7147825956344604,0.7147825956344604,0.7121300101280212,0.6598875522613525,0.641258955001831,0.7141476273536682,0.7121300101280212,0.6979510188102722,0.7150319218635559,0.6979510188102722,568.9146780967712,0.6586681604385376,0.7169247269630432,0.641258955001831,0.6898569464683533,0.780079185962677,60,"Embedding (max_top_words=300, max_opinion_length=60, embedding_vector_lengths=400, units=32, epochs=10, nobs=2)",32,10,2,300,/opt/conda/lib/python3.8/site-packages/ipykernel_launcher.py,LOCAL,"Embedding (max_top_words=300, max_opinion_length=60, embedding_vector_lengths=400, units=32, epochs=10, nobs=2)",jovyan
40,38c5614ea2a9442bb3be2d0f5cc762bf,2,FINISHED,file:///home/jovyan/nlp2/shared-mlruns/team-three/mariusz/2/38c5614ea2a9442bb3be2d0f5cc762bf/artifacts,2021-10-10 03:47:36.223000+00:00,2021-10-10 03:55:40.839000+00:00,0.7718854546546936,0.7719456553459167,0.6973913311958313,0.686956524848938,0.7212226986885071,0.6348999738693237,0.6428912878036499,0.6838967204093933,0.7212226986885071,0.7011198997497559,0.7212226986885071,0.7011198997497559,483.33288288116455,0.6348999738693237,0.6840922832489014,0.6428912878036499,0.6816850900650024,0.7413031458854675,60,"Embedding (max_top_words=300, max_opinion_length=60, embedding_vector_lengths=500, units=64, epochs=10, nobs=1)",64,10,1,300,/opt/conda/lib/python3.8/site-packages/ipykernel_launcher.py,LOCAL,"Embedding (max_top_words=300, max_opinion_length=60, embedding_vector_lengths=500, units=64, epochs=10, nobs=1)",jovyan
41,2ea8be0fe3ca431dadd5b56b3638e0e6,2,FINISHED,file:///home/jovyan/nlp2/shared-mlruns/team-three/mariusz/2/2ea8be0fe3ca431dadd5b56b3638e0e6/artifacts,2021-10-10 03:41:12.726000+00:00,2021-10-10 03:47:34.923000+00:00,0.7890809178352356,0.7667716145515442,0.6939130425453186,0.6713043451309204,0.7169665098190308,0.6112971305847168,0.6359253525733948,0.6671578884124756,0.7169665098190308,0.6945441961288452,0.7169665098190308,0.6945441961288452,380.9700450897217,0.6112971305847168,0.6700348258018494,0.6359253525733948,0.7015225887298584,0.7342767715454102,60,"Embedding (max_top_words=300, max_opinion_length=60, embedding_vector_lengths=500, units=32, epochs=10, nobs=1)",32,10,1,300,/opt/conda/lib/python3.8/site-packages/ipykernel_launcher.py,LOCAL,"Embedding (max_top_words=300, max_opinion_length=60, embedding_vector_lengths=500, units=32, epochs=10, nobs=1)",jovyan
42,b26190c4a3aa449292a3170f7b458f0b,2,FINISHED,file:///home/jovyan/nlp2/shared-mlruns/team-three/mariusz/2/b26190c4a3aa449292a3170f7b458f0b/artifacts,2021-10-10 03:33:52.222000+00:00,2021-10-10 03:41:11.435000+00:00,0.7680900692939758,0.7723357677459717,0.7113043665885925,0.7078260779380798,0.7256723046302795,0.6506076455116272,0.6442123651504517,0.6991817355155945,0.7256723046302795,0.7023552656173706,0.7256723046302795,0.7023552656173706,434.9488594532013,0.6506076455116272,0.6991817355155945,0.6442123651504517,0.6798118948936462,0.7557929158210754,60,"Embedding (max_top_words=300, max_opinion_length=60, embedding_vector_lengths=400, units=64, epochs=10, nobs=1)",64,10,1,300,/opt/conda/lib/python3.8/site-packages/ipykernel_launcher.py,LOCAL,"Embedding (max_top_words=300, max_opinion_length=60, embedding_vector_lengths=400, units=64, epochs=10, nobs=1)",jovyan
43,9ae210b5fdc644e49e4162511ca9819c,2,FINISHED,file:///home/jovyan/nlp2/shared-mlruns/team-three/mariusz/2/9ae210b5fdc644e49e4162511ca9819c/artifacts,2021-10-10 03:28:11.442000+00:00,2021-10-10 03:33:51.025000+00:00,0.755627453327179,0.770579993724823,0.7060869336128235,0.6643478274345398,0.7115496397018433,0.6311590671539307,0.6370413899421692,0.678943395614624,0.7115496397018433,0.6973617672920227,0.7115496397018433,0.6973617672920227,338.3462429046631,0.6311590671539307,0.678943395614624,0.6370413899421692,0.6963701844215393,0.7346121668815613,60,"Embedding (max_top_words=300, max_opinion_length=60, embedding_vector_lengths=400, units=32, epochs=10, nobs=1)",32,10,1,300,/opt/conda/lib/python3.8/site-packages/ipykernel_launcher.py,LOCAL,"Embedding (max_top_words=300, max_opinion_length=60, embedding_vector_lengths=400, units=32, epochs=10, nobs=1)",jovyan
44,c7a8bd8ec6e54a32a393e0233e769a09,2,FINISHED,file:///home/jovyan/nlp2/shared-mlruns/team-three/mariusz/2/c7a8bd8ec6e54a32a393e0233e769a09/artifacts,2021-10-10 03:23:46.601000+00:00,2021-10-10 03:28:10.210000+00:00,0.7682461142539978,0.7780869007110596,0.6643478274345398,0.6643478274345398,0.7111626863479614,0.6101604104042053,0.6320191025733948,0.6768142580986023,0.7111626863479614,0.6962254643440247,0.7111626863479614,0.6964156031608582,262.7102470397949,0.6048693656921387,0.6768142580986023,0.6320191025733948,0.7091842889785767,0.7682461142539978,60,"Embedding (max_top_words=300, max_opinion_length=60, embedding_vector_lengths=500, units=64, epochs=10, nobs=0)",64,10,0,300,/opt/conda/lib/python3.8/site-packages/ipykernel_launcher.py,LOCAL,"Embedding (max_top_words=300, max_opinion_length=60, embedding_vector_lengths=500, units=64, epochs=10, nobs=0)",jovyan
45,a03273c3d75c4c8d8371b527d585cd9c,2,FINISHED,file:///home/jovyan/nlp2/shared-mlruns/team-three/mariusz/2/a03273c3d75c4c8d8371b527d585cd9c/artifacts,2021-10-10 03:20:19.213000+00:00,2021-10-10 03:23:45.335000+00:00,0.8487593531608582,0.7724371552467346,0.6573913097381592,0.6573913097381592,0.7082607746124268,0.6283895373344421,0.6362366676330566,0.6788627505302429,0.7082607746124268,0.6975625157356262,0.7082607746124268,0.6975625157356262,205.1933572292328,0.6114624738693237,0.6788627505302429,0.6362366676330566,0.714593768119812,0.7636571526527405,60,"Embedding (max_top_words=300, max_opinion_length=60, embedding_vector_lengths=500, units=32, epochs=10, nobs=0)",32,10,0,300,/opt/conda/lib/python3.8/site-packages/ipykernel_launcher.py,LOCAL,"Embedding (max_top_words=300, max_opinion_length=60, embedding_vector_lengths=500, units=32, epochs=10, nobs=0)",jovyan
46,87b1e868092745129ab101ccc3f53ca0,2,FINISHED,file:///home/jovyan/nlp2/shared-mlruns/team-three/mariusz/2/87b1e868092745129ab101ccc3f53ca0/artifacts,2021-10-10 03:16:16.125000+00:00,2021-10-10 03:20:17.941000+00:00,0.7777777314186096,0.7748416066169739,0.6608695387840271,0.6504347920417786,0.7065196633338928,0.6271701455116272,0.640412449836731,0.6729024052619934,0.7065196633338928,0.7009408473968506,0.7065196633338928,0.7009408473968506,240.7982518672943,0.6271701455116272,0.6729024052619934,0.640412449836731,0.7189480066299438,0.7258568406105042,60,"Embedding (max_top_words=300, max_opinion_length=60, embedding_vector_lengths=400, units=64, epochs=10, nobs=0)",64,10,0,300,/opt/conda/lib/python3.8/site-packages/ipykernel_launcher.py,LOCAL,"Embedding (max_top_words=300, max_opinion_length=60, embedding_vector_lengths=400, units=64, epochs=10, nobs=0)",jovyan
47,b8c2cf3bbc2b408c89673ac07adbbbc8,2,FINISHED,file:///home/jovyan/nlp2/shared-mlruns/team-three/mariusz/2/b8c2cf3bbc2b408c89673ac07adbbbc8/artifacts,2021-10-10 03:13:04.603000+00:00,2021-10-10 03:16:14.915000+00:00,0.7559308409690857,0.7807287573814392,0.6539130210876465,0.6539130210876465,0.7014896273612976,0.6075562238693237,0.6268525123596191,0.6651558876037598,0.7014896273612976,0.6949343681335449,0.7026504278182983,0.6949343681335449,189.32700538635254,0.6074735522270203,0.6651558876037598,0.6268525123596191,0.7177528142929077,0.7350413203239441,60,"Embedding (max_top_words=300, max_opinion_length=60, embedding_vector_lengths=400, units=32, epochs=10, nobs=0)",32,10,0,300,/opt/conda/lib/python3.8/site-packages/ipykernel_launcher.py,LOCAL,"Embedding (max_top_words=300, max_opinion_length=60, embedding_vector_lengths=400, units=32, epochs=10, nobs=0)",jovyan
48,2823dc34ed7140d28da443c3b02da032,2,FINISHED,file:///home/jovyan/nlp2/shared-mlruns/team-three/mariusz/2/2823dc34ed7140d28da443c3b02da032/artifacts,2021-10-10 03:10:16.423000+00:00,2021-10-10 03:13:03.372000+00:00,0.6985815167427063,0.7051405906677246,0.5234782695770264,0.5234782695770264,0.6065002679824829,0.36257854104042053,0.45400193333625793,0.45980897545814514,0.6065002679824829,0.5482456088066101,0.6065002679824829,0.5482456088066101,165.2886393070221,0.36257854104042053,0.45980897545814514,0.45400193333625793,0.8995897769927979,0.6302031874656677,10,"Embedding (max_top_words=500, max_opinion_length=10, embedding_vector_lengths=500, units=64, epochs=10, nobs=2)",64,10,2,500,/opt/conda/lib/python3.8/site-packages/ipykernel_launcher.py,LOCAL,"Embedding (max_top_words=500, max_opinion_length=10, embedding_vector_lengths=500, units=64, epochs=10, nobs=2)",jovyan
49,bf45b875aeb9459aaf7674be67db1ba5,2,FINISHED,file:///home/jovyan/nlp2/shared-mlruns/team-three/mariusz/2/bf45b875aeb9459aaf7674be67db1ba5/artifacts,2021-10-10 03:08:00.539000+00:00,2021-10-10 03:10:12.905000+00:00,0.6563866138458252,0.7005301713943481,0.5147826075553894,0.5147826075553894,0.6105629801750183,0.36257854104042053,0.4639630615711212,0.4554857313632965,0.6105629801750183,0.5572811961174011,0.6105629801750183,0.5572811961174011,130.73061752319336,0.36257854104042053,0.4554857313632965,0.4639630615711212,0.8937181830406189,0.6132221221923828,10,"Embedding (max_top_words=500, max_opinion_length=10, embedding_vector_lengths=500, units=32, epochs=10, nobs=2)",32,10,2,500,/opt/conda/lib/python3.8/site-packages/ipykernel_launcher.py,LOCAL,"Embedding (max_top_words=500, max_opinion_length=10, embedding_vector_lengths=500, units=32, epochs=10, nobs=2)",jovyan
50,74e0d81cb5c847dcb87867f6d893bcb9,2,FINISHED,file:///home/jovyan/nlp2/shared-mlruns/team-three/mariusz/2/74e0d81cb5c847dcb87867f6d893bcb9/artifacts,2021-10-10 03:05:16.164000+00:00,2021-10-10 03:07:59.347000+00:00,0.7054698467254639,0.6977430582046509,0.5234782695770264,0.5234782695770264,0.6032114624977112,0.35476604104042053,0.4515230059623718,0.4525631368160248,0.6032114624977112,0.546540379524231,0.6032114624977112,0.546540379524231,161.27410674095154,0.35476604104042053,0.4525631368160248,0.4515230059623718,0.9141981601715088,0.62615966796875,10,"Embedding (max_top_words=500, max_opinion_length=10, embedding_vector_lengths=400, units=64, epochs=10, nobs=2)",64,10,2,500,/opt/conda/lib/python3.8/site-packages/ipykernel_launcher.py,LOCAL,"Embedding (max_top_words=500, max_opinion_length=10, embedding_vector_lengths=400, units=64, epochs=10, nobs=2)",jovyan
51,2ff59d08c77c4d2aa97dc22b514604ae,2,FINISHED,file:///home/jovyan/nlp2/shared-mlruns/team-three/mariusz/2/2ff59d08c77c4d2aa97dc22b514604ae/artifacts,2021-10-10 03:03:06.343000+00:00,2021-10-10 03:05:14.930000+00:00,0.6884100437164307,0.6922934651374817,0.52173912525177,0.52173912525177,0.5943122506141663,0.35867229104042053,0.44491010904312134,0.4587811231613159,0.5943122506141663,0.5384609699249268,0.5948926210403442,0.5393338203430176,126.85690188407898,0.35867229104042053,0.4587811231613159,0.4445343017578125,0.9225299954414368,0.6387750506401062,10,"Embedding (max_top_words=500, max_opinion_length=10, embedding_vector_lengths=400, units=32, epochs=10, nobs=2)",32,10,2,500,/opt/conda/lib/python3.8/site-packages/ipykernel_launcher.py,LOCAL,"Embedding (max_top_words=500, max_opinion_length=10, embedding_vector_lengths=400, units=32, epochs=10, nobs=2)",jovyan
52,be38c3c60a7d478f8bebf05e55e20292,2,FINISHED,file:///home/jovyan/nlp2/shared-mlruns/team-three/mariusz/2/be38c3c60a7d478f8bebf05e55e20292/artifacts,2021-10-10 03:01:17.655000+00:00,2021-10-10 03:03:05.086000+00:00,0.6778001189231873,0.7014237642288208,0.530434787273407,0.5165217518806458,0.605726420879364,0.35606813430786133,0.4629722237586975,0.4539271295070648,0.605726420879364,0.5576404929161072,0.6150125861167908,0.5576404929161072,106.22249031066895,0.35606813430786133,0.45598921179771423,0.4629722237586975,0.8938901424407959,0.6268790364265442,10,"Embedding (max_top_words=500, max_opinion_length=10, embedding_vector_lengths=500, units=64, epochs=10, nobs=1)",64,10,1,500,/opt/conda/lib/python3.8/site-packages/ipykernel_launcher.py,LOCAL,"Embedding (max_top_words=500, max_opinion_length=10, embedding_vector_lengths=500, units=64, epochs=10, nobs=1)",jovyan
53,457eae0648824bc190df51ee18416e24,2,FINISHED,file:///home/jovyan/nlp2/shared-mlruns/team-three/mariusz/2/457eae0648824bc190df51ee18416e24/artifacts,2021-10-10 02:59:48.946000+00:00,2021-10-10 03:01:16.203000+00:00,0.6779503226280212,0.7097914814949036,0.5199999809265137,0.5199999809265137,0.6105629801750183,0.3534639775753021,0.4673530161380768,0.4453467130661011,0.6105629801750183,0.5633470416069031,0.6105629801750183,0.5633470416069031,86.06083297729492,0.3534639775753021,0.4453467130661011,0.4673530161380768,0.8855168223381042,0.6019952297210693,10,"Embedding (max_top_words=500, max_opinion_length=10, embedding_vector_lengths=500, units=32, epochs=10, nobs=1)",32,10,1,500,/opt/conda/lib/python3.8/site-packages/ipykernel_launcher.py,LOCAL,"Embedding (max_top_words=500, max_opinion_length=10, embedding_vector_lengths=500, units=32, epochs=10, nobs=1)",jovyan
54,6ab87a8315a247d8a5cf2488dbd72944,2,FINISHED,file:///home/jovyan/nlp2/shared-mlruns/team-three/mariusz/2/6ab87a8315a247d8a5cf2488dbd72944/artifacts,2021-10-10 02:58:09.313000+00:00,2021-10-10 02:59:47.722000+00:00,0.6883743405342102,0.7203059792518616,0.52173912525177,0.52173912525177,0.6037918329238892,0.3535466194152832,0.44693347811698914,0.44890668988227844,0.6037918329238892,0.5488883256912231,0.6037918329238892,0.5488883256912231,97.19815993309021,0.3519965410232544,0.4588107168674469,0.44693347811698914,0.9007543325424194,0.6217746138572693,10,"Embedding (max_top_words=500, max_opinion_length=10, embedding_vector_lengths=400, units=64, epochs=10, nobs=1)",64,10,1,500,/opt/conda/lib/python3.8/site-packages/ipykernel_launcher.py,LOCAL,"Embedding (max_top_words=500, max_opinion_length=10, embedding_vector_lengths=400, units=64, epochs=10, nobs=1)",jovyan
55,ec275959c4184215af80dc92b08f6866,2,FINISHED,file:///home/jovyan/nlp2/shared-mlruns/team-three/mariusz/2/ec275959c4184215af80dc92b08f6866/artifacts,2021-10-10 02:56:49.180000+00:00,2021-10-10 02:58:08.061000+00:00,0.8190476298332214,0.717745304107666,0.5269564986228943,0.5165217518806458,0.6028245091438293,0.343129962682724,0.4381491243839264,0.44305694103240967,0.6028245091438293,0.534980058670044,0.6028245091438293,0.5398052930831909,77.72016143798828,0.33905836939811707,0.4500056207180023,0.43075042963027954,0.9024246335029602,0.6416375637054443,10,"Embedding (max_top_words=500, max_opinion_length=10, embedding_vector_lengths=400, units=32, epochs=10, nobs=1)",32,10,1,500,/opt/conda/lib/python3.8/site-packages/ipykernel_launcher.py,LOCAL,"Embedding (max_top_words=500, max_opinion_length=10, embedding_vector_lengths=400, units=32, epochs=10, nobs=1)",jovyan
56,212403f372ba453580505dc26a7de1eb,2,FINISHED,file:///home/jovyan/nlp2/shared-mlruns/team-three/mariusz/2/212403f372ba453580505dc26a7de1eb/artifacts,2021-10-10 02:55:48.538000+00:00,2021-10-10 02:56:47.933000+00:00,0.6528515815734863,0.7278381586074829,0.5252174139022827,0.5165217518806458,0.6388082504272461,0.37576472759246826,0.5020765066146851,0.45270586013793945,0.6388082504272461,0.5936887860298157,0.6388082504272461,0.5936887860298157,58.396363973617554,0.3729952275753021,0.4677044153213501,0.5020765066146851,0.8484722971916199,0.5763372778892517,10,"Embedding (max_top_words=500, max_opinion_length=10, embedding_vector_lengths=500, units=64, epochs=10, nobs=0)",64,10,0,500,/opt/conda/lib/python3.8/site-packages/ipykernel_launcher.py,LOCAL,"Embedding (max_top_words=500, max_opinion_length=10, embedding_vector_lengths=500, units=64, epochs=10, nobs=0)",jovyan
57,6f5f49eeeb9c474e9dba67eac49b2e0e,2,FINISHED,file:///home/jovyan/nlp2/shared-mlruns/team-three/mariusz/2/6f5f49eeeb9c474e9dba67eac49b2e0e/artifacts,2021-10-10 02:54:55.013000+00:00,2021-10-10 02:55:47.262000+00:00,0.6434914469718933,0.7216449975967407,0.5252174139022827,0.52173912525177,0.6362932920455933,0.35997438430786133,0.49746793508529663,0.4329696595668793,0.6362932920455933,0.5882261991500854,0.6362932920455933,0.5882261991500854,47.93211841583252,0.35077711939811707,0.45498180389404297,0.49746793508529663,0.8560256958007812,0.5655052065849304,10,"Embedding (max_top_words=500, max_opinion_length=10, embedding_vector_lengths=500, units=32, epochs=10, nobs=0)",32,10,0,500,/opt/conda/lib/python3.8/site-packages/ipykernel_launcher.py,LOCAL,"Embedding (max_top_words=500, max_opinion_length=10, embedding_vector_lengths=500, units=32, epochs=10, nobs=0)",jovyan
58,a699bdd603ce45cda3088180f6e4b207,2,FINISHED,file:///home/jovyan/nlp2/shared-mlruns/team-three/mariusz/2/a699bdd603ce45cda3088180f6e4b207/artifacts,2021-10-10 02:53:58.641000+00:00,2021-10-10 02:54:53.813000+00:00,0.6620407700538635,0.7189201712608337,0.5252174139022827,0.5165217518806458,0.6266202330589294,0.37039104104042053,0.49548259377479553,0.4464623034000397,0.6266202330589294,0.5829688310623169,0.6304894685745239,0.5829688310623169,54.19893288612366,0.3637979328632355,0.45705166459083557,0.49548259377479553,0.8539642095565796,0.5785579681396484,10,"Embedding (max_top_words=500, max_opinion_length=10, embedding_vector_lengths=400, units=64, epochs=10, nobs=0)",64,10,0,500,/opt/conda/lib/python3.8/site-packages/ipykernel_launcher.py,LOCAL,"Embedding (max_top_words=500, max_opinion_length=10, embedding_vector_lengths=400, units=64, epochs=10, nobs=0)",jovyan
59,09a6ad4a16fa4c3d9dd3a9c2791554d3,2,FINISHED,file:///home/jovyan/nlp2/shared-mlruns/team-three/mariusz/2/09a6ad4a16fa4c3d9dd3a9c2791554d3/artifacts,2021-10-10 02:53:11.864000+00:00,2021-10-10 02:53:57.359000+00:00,0.6621760725975037,0.7250493764877319,0.5356521606445312,0.5286956429481506,0.6206229329109192,0.366567462682724,0.48357781767845154,0.45279428362846375,0.6206229329109192,0.5770302414894104,0.6206229329109192,0.5770302414894104,44.55801701545715,0.366567462682724,0.45279428362846375,0.48357781767845154,0.8607633113861084,0.5920665860176086,10,"Embedding (max_top_words=500, max_opinion_length=10, embedding_vector_lengths=400, units=32, epochs=10, nobs=0)",32,10,0,500,/opt/conda/lib/python3.8/site-packages/ipykernel_launcher.py,LOCAL,"Embedding (max_top_words=500, max_opinion_length=10, embedding_vector_lengths=400, units=32, epochs=10, nobs=0)",jovyan
60,02348cb29a5645dca76fc9323f069fae,2,FINISHED,file:///home/jovyan/nlp2/shared-mlruns/team-three/mariusz/2/02348cb29a5645dca76fc9323f069fae/artifacts,2021-10-10 02:44:08.687000+00:00,2021-10-10 02:53:09.957000+00:00,0.8222222328186035,0.7723706364631653,0.7060869336128235,0.7060869336128235,0.714838445186615,0.649470865726471,0.6505177617073059,0.6908788084983826,0.714838445186615,0.7024286389350891,0.714838445186615,0.7040417790412903,539.3588738441467,0.6480861306190491,0.6988386511802673,0.6505177617073059,0.6818069219589233,0.7397785782814026,40,"Embedding (max_top_words=500, max_opinion_length=40, embedding_vector_lengths=500, units=64, epochs=10, nobs=2)",64,10,2,500,/opt/conda/lib/python3.8/site-packages/ipykernel_launcher.py,LOCAL,"Embedding (max_top_words=500, max_opinion_length=40, embedding_vector_lengths=500, units=64, epochs=10, nobs=2)",jovyan
61,57ce6dabd7564ad59bb2f61acc4cdba3,2,FINISHED,file:///home/jovyan/nlp2/shared-mlruns/team-three/mariusz/2/57ce6dabd7564ad59bb2f61acc4cdba3/artifacts,2021-10-10 02:37:26.671000+00:00,2021-10-10 02:44:07.404000+00:00,0.7678119540214539,0.7718887329101562,0.678260862827301,0.678260862827301,0.7146450281143188,0.6498015522956848,0.6302007436752319,0.6947529315948486,0.7146450281143188,0.6911817193031311,0.7146450281143188,0.6911817193031311,399.08123683929443,0.6498015522956848,0.6947529315948486,0.6302007436752319,0.7022422552108765,0.7471799254417419,40,"Embedding (max_top_words=500, max_opinion_length=40, embedding_vector_lengths=500, units=32, epochs=10, nobs=2)",32,10,2,500,/opt/conda/lib/python3.8/site-packages/ipykernel_launcher.py,LOCAL,"Embedding (max_top_words=500, max_opinion_length=40, embedding_vector_lengths=500, units=32, epochs=10, nobs=2)",jovyan
62,e0498b740c834cda9d74c65f3feb2d70,2,FINISHED,file:///home/jovyan/nlp2/shared-mlruns/team-three/mariusz/2/e0498b740c834cda9d74c65f3feb2d70/artifacts,2021-10-10 02:29:06.024000+00:00,2021-10-10 02:37:25.425000+00:00,0.8017783761024475,0.7710467576980591,0.7095652222633362,0.7095652222633362,0.7140645980834961,0.6428778171539307,0.6409704685211182,0.6966145038604736,0.7140645980834961,0.6996815204620361,0.7140645980834961,0.6996815204620361,497.65074396133423,0.6428778171539307,0.6966145038604736,0.6409704685211182,0.6961371302604675,0.7604799866676331,40,"Embedding (max_top_words=500, max_opinion_length=40, embedding_vector_lengths=400, units=64, epochs=10, nobs=2)",64,10,2,500,/opt/conda/lib/python3.8/site-packages/ipykernel_launcher.py,LOCAL,"Embedding (max_top_words=500, max_opinion_length=40, embedding_vector_lengths=400, units=64, epochs=10, nobs=2)",jovyan
63,0bc9cc6375a048c2b9794e5128169c80,2,FINISHED,file:///home/jovyan/nlp2/shared-mlruns/team-three/mariusz/2/0bc9cc6375a048c2b9794e5128169c80/artifacts,2021-10-10 02:22:37.283000+00:00,2021-10-10 02:29:04.747000+00:00,0.7727864384651184,0.7690320014953613,0.7078260779380798,0.6852173805236816,0.7076804041862488,0.6325438022613525,0.6312143206596375,0.6849424839019775,0.7076804041862488,0.6931583285331726,0.7076804041862488,0.6931583285331726,385.6804234981537,0.6325438022613525,0.6849424839019775,0.6312143206596375,0.7116300463676453,0.7470443248748779,40,"Embedding (max_top_words=500, max_opinion_length=40, embedding_vector_lengths=400, units=32, epochs=10, nobs=2)",32,10,2,500,/opt/conda/lib/python3.8/site-packages/ipykernel_launcher.py,LOCAL,"Embedding (max_top_words=500, max_opinion_length=40, embedding_vector_lengths=400, units=32, epochs=10, nobs=2)",jovyan
64,a54130eabee541929dd517007e6f9b9a,2,FINISHED,file:///home/jovyan/nlp2/shared-mlruns/team-three/mariusz/2/a54130eabee541929dd517007e6f9b9a/artifacts,2021-10-10 02:17:13.304000+00:00,2021-10-10 02:22:36.017000+00:00,0.9999998211860657,0.7744473218917847,0.695652186870575,0.6939130425453186,0.7107757925987244,0.6495535969734192,0.6356558203697205,0.6968574523925781,0.7107757925987244,0.6964259147644043,0.7107757925987244,0.6970499753952026,321.4644718170166,0.6495535969734192,0.6968574523925781,0.6356558203697205,0.6887435913085938,0.7516373991966248,40,"Embedding (max_top_words=500, max_opinion_length=40, embedding_vector_lengths=500, units=64, epochs=10, nobs=1)",64,10,1,500,/opt/conda/lib/python3.8/site-packages/ipykernel_launcher.py,LOCAL,"Embedding (max_top_words=500, max_opinion_length=40, embedding_vector_lengths=500, units=64, epochs=10, nobs=1)",jovyan
65,470e8de403cd4da9bfee50d1613d5d11,2,FINISHED,file:///home/jovyan/nlp2/shared-mlruns/team-three/mariusz/2/470e8de403cd4da9bfee50d1613d5d11/artifacts,2021-10-10 02:12:55.005000+00:00,2021-10-10 02:17:12.015000+00:00,1.0,0.7683385014533997,0.686956524848938,0.686956524848938,0.7078738808631897,0.6498015522956848,0.6151527762413025,0.6878785490989685,0.7078738808631897,0.6829701662063599,0.7078738808631897,0.6829701662063599,255.88599729537964,0.6498015522956848,0.6878785490989685,0.6151527762413025,0.7014641165733337,0.7319356799125671,40,"Embedding (max_top_words=500, max_opinion_length=40, embedding_vector_lengths=500, units=32, epochs=10, nobs=1)",32,10,1,500,/opt/conda/lib/python3.8/site-packages/ipykernel_launcher.py,LOCAL,"Embedding (max_top_words=500, max_opinion_length=40, embedding_vector_lengths=500, units=32, epochs=10, nobs=1)",jovyan
66,6a74b2c419c64d52bb0d6cfd94c61d66,2,FINISHED,file:///home/jovyan/nlp2/shared-mlruns/team-three/mariusz/2/6a74b2c419c64d52bb0d6cfd94c61d66/artifacts,2021-10-10 02:07:59.484000+00:00,2021-10-10 02:12:53.738000+00:00,0.7557375431060791,0.7723090052604675,0.6886956691741943,0.6886956691741943,0.7034242749214172,0.6429604887962341,0.6192260384559631,0.6823918223381042,0.7034242749214172,0.6872013807296753,0.7034242749214172,0.6872013807296753,293.1266059875488,0.6429604887962341,0.683533251285553,0.6192260384559631,0.7044435143470764,0.7270997166633606,40,"Embedding (max_top_words=500, max_opinion_length=40, embedding_vector_lengths=400, units=64, epochs=10, nobs=1)",64,10,1,500,/opt/conda/lib/python3.8/site-packages/ipykernel_launcher.py,LOCAL,"Embedding (max_top_words=500, max_opinion_length=40, embedding_vector_lengths=400, units=64, epochs=10, nobs=1)",jovyan
67,772a6dcfa8fa46aeacd18a692c64bfef,2,FINISHED,file:///home/jovyan/nlp2/shared-mlruns/team-three/mariusz/2/772a6dcfa8fa46aeacd18a692c64bfef/artifacts,2021-10-10 02:03:55.592000+00:00,2021-10-10 02:07:58.249000+00:00,0.8393939137458801,0.7744154334068298,0.6800000071525574,0.6730434894561768,0.7103888392448425,0.6458126902580261,0.6274523138999939,0.6937852501869202,0.7103888392448425,0.6929551362991333,0.7103888392448425,0.6929551362991333,238.29139471054077,0.6458126902580261,0.6937852501869202,0.6274523138999939,0.7054917216300964,0.750075101852417,40,"Embedding (max_top_words=500, max_opinion_length=40, embedding_vector_lengths=400, units=32, epochs=10, nobs=1)",32,10,1,500,/opt/conda/lib/python3.8/site-packages/ipykernel_launcher.py,LOCAL,"Embedding (max_top_words=500, max_opinion_length=40, embedding_vector_lengths=400, units=32, epochs=10, nobs=1)",jovyan
68,48c6ad3e470a4781b782daec0ab271fb,2,FINISHED,file:///home/jovyan/nlp2/shared-mlruns/team-three/mariusz/2/48c6ad3e470a4781b782daec0ab271fb/artifacts,2021-10-10 02:00:54.292000+00:00,2021-10-10 02:03:54.357000+00:00,0.7651419639587402,0.7804474830627441,0.6817391514778137,0.6817391514778137,0.7239311337471008,0.6168361306190491,0.6399568915367126,0.6589359641075134,0.7239311337471008,0.7017855644226074,0.7239311337471008,0.7030249238014221,179.043799161911,0.5786623954772949,0.6758106350898743,0.6392925381660461,0.6817808151245117,0.7651419639587402,40,"Embedding (max_top_words=500, max_opinion_length=40, embedding_vector_lengths=500, units=64, epochs=10, nobs=0)",64,10,0,500,/opt/conda/lib/python3.8/site-packages/ipykernel_launcher.py,LOCAL,"Embedding (max_top_words=500, max_opinion_length=40, embedding_vector_lengths=500, units=64, epochs=10, nobs=0)",jovyan
69,bb3ecec5a4eb4b14a7863da5ffd5d524,2,FINISHED,file:///home/jovyan/nlp2/shared-mlruns/team-three/mariusz/2/bb3ecec5a4eb4b14a7863da5ffd5d524/artifacts,2021-10-10 01:58:30.560000+00:00,2021-10-10 02:00:53.028000+00:00,0.8410256505012512,0.7899076342582703,0.6765217185020447,0.6747826337814331,0.7214161157608032,0.6366154551506042,0.630698025226593,0.6819618344306946,0.7214161157608032,0.7007023096084595,0.7214161157608032,0.7007023096084595,141.45375871658325,0.6366154551506042,0.6819618344306946,0.630698025226593,0.6942841410636902,0.7344472408294678,40,"Embedding (max_top_words=500, max_opinion_length=40, embedding_vector_lengths=500, units=32, epochs=10, nobs=0)",32,10,0,500,/opt/conda/lib/python3.8/site-packages/ipykernel_launcher.py,LOCAL,"Embedding (max_top_words=500, max_opinion_length=40, embedding_vector_lengths=500, units=32, epochs=10, nobs=0)",jovyan
70,64b370fbab234ff8b32099596a4465f6,2,FINISHED,file:///home/jovyan/nlp2/shared-mlruns/team-three/mariusz/2/64b370fbab234ff8b32099596a4465f6/artifacts,2021-10-10 01:55:42.906000+00:00,2021-10-10 01:58:29.329000+00:00,0.7681055665016174,0.7808676958084106,0.7043478488922119,0.7043478488922119,0.7287676334381104,0.656063973903656,0.6615342497825623,0.699305534362793,0.7287676334381104,0.7154902219772339,0.7287676334381104,0.7154902219772339,165.42151355743408,0.656063973903656,0.699305534362793,0.6615342497825623,0.6680058836936951,0.7487072348594666,40,"Embedding (max_top_words=500, max_opinion_length=40, embedding_vector_lengths=400, units=64, epochs=10, nobs=0)",64,10,0,500,/opt/conda/lib/python3.8/site-packages/ipykernel_launcher.py,LOCAL,"Embedding (max_top_words=500, max_opinion_length=40, embedding_vector_lengths=400, units=64, epochs=10, nobs=0)",jovyan
71,25d71fa261a149f88abaaf9d12bf52f9,2,FINISHED,file:///home/jovyan/nlp2/shared-mlruns/team-three/mariusz/2/25d71fa261a149f88abaaf9d12bf52f9/artifacts,2021-10-10 01:53:23.022000+00:00,2021-10-10 01:55:41.657000+00:00,0.7730961441993713,0.7872600555419922,0.6886956691741943,0.678260862827301,0.7204488515853882,0.6026785969734192,0.6294566988945007,0.6707199215888977,0.7204488515853882,0.6963040232658386,0.7204488515853882,0.6963040232658386,137.65345764160156,0.6026785969734192,0.6707199215888977,0.6294566988945007,0.6893755197525024,0.7575370669364929,40,"Embedding (max_top_words=500, max_opinion_length=40, embedding_vector_lengths=400, units=32, epochs=10, nobs=0)",32,10,0,500,/opt/conda/lib/python3.8/site-packages/ipykernel_launcher.py,LOCAL,"Embedding (max_top_words=500, max_opinion_length=40, embedding_vector_lengths=400, units=32, epochs=10, nobs=0)",jovyan
72,83bdffe1fcfc479c9154367fb0853fe6,2,FINISHED,file:///home/jovyan/nlp2/shared-mlruns/team-three/mariusz/2/83bdffe1fcfc479c9154367fb0853fe6/artifacts,2021-10-10 01:42:14.361000+00:00,2021-10-10 01:53:21.734000+00:00,0.8007745742797852,0.7816876173019409,0.7252174019813538,0.7130434513092041,0.7349584102630615,0.6926876902580261,0.6801772117614746,0.7289595603942871,0.7349584102630615,0.7273027896881104,0.7349584102630615,0.7273027896881104,665.5847611427307,0.6926876902580261,0.7289595603942871,0.6801772117614746,0.6407917141914368,0.7695878148078918,50,"Embedding (max_top_words=500, max_opinion_length=50, embedding_vector_lengths=500, units=64, epochs=10, nobs=2)",64,10,2,500,/opt/conda/lib/python3.8/site-packages/ipykernel_launcher.py,LOCAL,"Embedding (max_top_words=500, max_opinion_length=50, embedding_vector_lengths=500, units=64, epochs=10, nobs=2)",jovyan
73,47e45ced273b48c3adb8710753fbf598,2,FINISHED,file:///home/jovyan/nlp2/shared-mlruns/team-three/mariusz/2/47e45ced273b48c3adb8710753fbf598/artifacts,2021-10-10 01:33:49.641000+00:00,2021-10-10 01:42:13.035000+00:00,0.771842896938324,0.7819535136222839,0.7165217399597168,0.686956524848938,0.7349584102630615,0.6876446604728699,0.6769315004348755,0.7161316871643066,0.7349584102630615,0.7255276441574097,0.7349584102630615,0.7255276441574097,501.6103856563568,0.6876446604728699,0.7161316871643066,0.6769315004348755,0.6526126861572266,0.7476811408996582,50,"Embedding (max_top_words=500, max_opinion_length=50, embedding_vector_lengths=500, units=32, epochs=10, nobs=2)",32,10,2,500,/opt/conda/lib/python3.8/site-packages/ipykernel_launcher.py,LOCAL,"Embedding (max_top_words=500, max_opinion_length=50, embedding_vector_lengths=500, units=32, epochs=10, nobs=2)",jovyan
74,5e26d015bd344269a3190c9b19b1dc68,2,FINISHED,file:///home/jovyan/nlp2/shared-mlruns/team-three/mariusz/2/5e26d015bd344269a3190c9b19b1dc68/artifacts,2021-10-10 01:23:29.076000+00:00,2021-10-10 01:33:48.341000+00:00,0.7749117016792297,0.7684146165847778,0.7217391133308411,0.7217391133308411,0.7171599864959717,0.657283365726471,0.651945173740387,0.7064488530158997,0.7171599864959717,0.6987460255622864,0.7171599864959717,0.7051472067832947,617.5310668945312,0.657283365726471,0.7064488530158997,0.6425192952156067,0.685912013053894,0.7637965083122253,50,"Embedding (max_top_words=500, max_opinion_length=50, embedding_vector_lengths=400, units=64, epochs=10, nobs=2)",64,10,2,500,/opt/conda/lib/python3.8/site-packages/ipykernel_launcher.py,LOCAL,"Embedding (max_top_words=500, max_opinion_length=50, embedding_vector_lengths=400, units=64, epochs=10, nobs=2)",jovyan
75,d5f638553b6e49b187cd0961d8fe9f80,2,FINISHED,file:///home/jovyan/nlp2/shared-mlruns/team-three/mariusz/2/d5f638553b6e49b187cd0961d8fe9f80/artifacts,2021-10-10 01:15:35.226000+00:00,2021-10-10 01:23:27.805000+00:00,0.8112494349479675,0.7786421179771423,0.7078260779380798,0.6939130425453186,0.7218030691146851,0.6692501902580261,0.6571117043495178,0.707539975643158,0.7218030691146851,0.71262127161026,0.7218030691146851,0.71262127161026,469.1010859012604,0.6666460037231445,0.7145516872406006,0.6571117043495178,0.6726565957069397,0.7542452812194824,50,"Embedding (max_top_words=500, max_opinion_length=50, embedding_vector_lengths=400, units=32, epochs=10, nobs=2)",32,10,2,500,/opt/conda/lib/python3.8/site-packages/ipykernel_launcher.py,LOCAL,"Embedding (max_top_words=500, max_opinion_length=50, embedding_vector_lengths=400, units=32, epochs=10, nobs=2)",jovyan
76,4a8b75ebd8cf49aa952ee78a583e04df,2,FINISHED,file:///home/jovyan/nlp2/shared-mlruns/team-three/mariusz/2/4a8b75ebd8cf49aa952ee78a583e04df/artifacts,2021-10-10 01:08:58.856000+00:00,2021-10-10 01:15:33.937000+00:00,0.7856773734092712,0.7883078455924988,0.7043478488922119,0.7043478488922119,0.7353453040122986,0.6795842051506042,0.6745551228523254,0.7112495303153992,0.7353453040122986,0.7268697023391724,0.7353453040122986,0.7268697023391724,393.85324811935425,0.6795842051506042,0.7112495303153992,0.6745551228523254,0.6468230485916138,0.7465278506278992,50,"Embedding (max_top_words=500, max_opinion_length=50, embedding_vector_lengths=500, units=64, epochs=10, nobs=1)",64,10,1,500,/opt/conda/lib/python3.8/site-packages/ipykernel_launcher.py,LOCAL,"Embedding (max_top_words=500, max_opinion_length=50, embedding_vector_lengths=500, units=64, epochs=10, nobs=1)",jovyan
77,53f9ca2a8cc5412ea33d1e92d3295283,2,FINISHED,file:///home/jovyan/nlp2/shared-mlruns/team-three/mariusz/2/53f9ca2a8cc5412ea33d1e92d3295283/artifacts,2021-10-10 01:03:42.577000+00:00,2021-10-10 01:08:57.617000+00:00,0.7836880683898926,0.7796295881271362,0.678260862827301,0.6695652008056641,0.7152253985404968,0.6336805820465088,0.6222857236862183,0.6834052205085754,0.7152253985404968,0.6918965578079224,0.7152253985404968,0.6918965578079224,313.82436418533325,0.6336805820465088,0.6834052205085754,0.6222857236862183,0.7021128535270691,0.7419044375419617,50,"Embedding (max_top_words=500, max_opinion_length=50, embedding_vector_lengths=500, units=32, epochs=10, nobs=1)",32,10,1,500,/opt/conda/lib/python3.8/site-packages/ipykernel_launcher.py,LOCAL,"Embedding (max_top_words=500, max_opinion_length=50, embedding_vector_lengths=500, units=32, epochs=10, nobs=1)",jovyan
78,0233dda7255745958170016e0709672d,2,FINISHED,file:///home/jovyan/nlp2/shared-mlruns/team-three/mariusz/2/0233dda7255745958170016e0709672d/artifacts,2021-10-10 00:57:35.804000+00:00,2021-10-10 01:03:41.328000+00:00,0.7826880812644958,0.7849361896514893,0.7130434513092041,0.7026087045669556,0.7297349572181702,0.6795015335083008,0.6649432182312012,0.7197027802467346,0.7297349572181702,0.7198523879051208,0.7297349572181702,0.7198523879051208,364.30937242507935,0.6795015335083008,0.7197027802467346,0.6649432182312012,0.6603770852088928,0.7652235627174377,50,"Embedding (max_top_words=500, max_opinion_length=50, embedding_vector_lengths=400, units=64, epochs=10, nobs=1)",64,10,1,500,/opt/conda/lib/python3.8/site-packages/ipykernel_launcher.py,LOCAL,"Embedding (max_top_words=500, max_opinion_length=50, embedding_vector_lengths=400, units=64, epochs=10, nobs=1)",jovyan
79,a754ae9bba0146df9b7f3fdf595e5072,2,FINISHED,file:///home/jovyan/nlp2/shared-mlruns/team-three/mariusz/2/a754ae9bba0146df9b7f3fdf595e5072/artifacts,2021-10-10 00:52:48.396000+00:00,2021-10-10 00:57:34.523000+00:00,0.7784090042114258,0.7730589509010315,0.7182608842849731,0.7182608842849731,0.7183207869529724,0.6390542387962341,0.644546389579773,0.6933068633079529,0.7183207869529724,0.7026515603065491,0.7183207869529724,0.7026515603065491,284.9061870574951,0.6390542387962341,0.6933068633079529,0.644546389579773,0.6889746785163879,0.7582818865776062,50,"Embedding (max_top_words=500, max_opinion_length=50, embedding_vector_lengths=400, units=32, epochs=10, nobs=1)",32,10,1,500,/opt/conda/lib/python3.8/site-packages/ipykernel_launcher.py,LOCAL,"Embedding (max_top_words=500, max_opinion_length=50, embedding_vector_lengths=400, units=32, epochs=10, nobs=1)",jovyan
80,d0ce635b6c26430abd8153875e001ea0,2,FINISHED,file:///home/jovyan/nlp2/shared-mlruns/team-three/mariusz/2/d0ce635b6c26430abd8153875e001ea0/artifacts,2021-10-10 00:49:10.463000+00:00,2021-10-10 00:52:47.094000+00:00,0.7759788036346436,0.7945380210876465,0.6973913311958313,0.6973913311958313,0.7455987334251404,0.6875619888305664,0.6759597063064575,0.722254753112793,0.7455987334251404,0.7302830219268799,0.7455987334251404,0.7302830219268799,215.64634346961975,0.6875619888305664,0.722254753112793,0.6759597063064575,0.6406246423721313,0.76075679063797,50,"Embedding (max_top_words=500, max_opinion_length=50, embedding_vector_lengths=500, units=64, epochs=10, nobs=0)",64,10,0,500,/opt/conda/lib/python3.8/site-packages/ipykernel_launcher.py,LOCAL,"Embedding (max_top_words=500, max_opinion_length=50, embedding_vector_lengths=500, units=64, epochs=10, nobs=0)",jovyan
81,d52bbb49a9374d49bb9f23bb9e178a31,2,FINISHED,file:///home/jovyan/nlp2/shared-mlruns/team-three/mariusz/2/d52bbb49a9374d49bb9f23bb9e178a31/artifacts,2021-10-10 00:46:20.506000+00:00,2021-10-10 00:49:09.222000+00:00,0.7734113335609436,0.7831041216850281,0.6695652008056641,0.6660869717597961,0.7239311337471008,0.6273354887962341,0.6534749865531921,0.6677911877632141,0.7239311337471008,0.7122323513031006,0.7239311337471008,0.7122323513031006,167.7307207584381,0.6076388955116272,0.678895890712738,0.6534749865531921,0.6900607347488403,0.7414153218269348,50,"Embedding (max_top_words=500, max_opinion_length=50, embedding_vector_lengths=500, units=32, epochs=10, nobs=0)",32,10,0,500,/opt/conda/lib/python3.8/site-packages/ipykernel_launcher.py,LOCAL,"Embedding (max_top_words=500, max_opinion_length=50, embedding_vector_lengths=500, units=32, epochs=10, nobs=0)",jovyan
82,25eddc6bb76a466b914be5ec19dc2b39,2,FINISHED,file:///home/jovyan/nlp2/shared-mlruns/team-three/mariusz/2/25eddc6bb76a466b914be5ec19dc2b39/artifacts,2021-10-10 00:42:49.250000+00:00,2021-10-10 00:46:19.214000+00:00,0.7797307968139648,0.7944773435592651,0.6747826337814331,0.6730434894561768,0.7328303456306458,0.6089410185813904,0.6527498960494995,0.6719196438789368,0.7328303456306458,0.7165420651435852,0.7328303456306458,0.7165420651435852,208.93868207931519,0.5906291604042053,0.6719196438789368,0.6527498960494995,0.6570858359336853,0.7797307968139648,50,"Embedding (max_top_words=500, max_opinion_length=50, embedding_vector_lengths=400, units=64, epochs=10, nobs=0)",64,10,0,500,/opt/conda/lib/python3.8/site-packages/ipykernel_launcher.py,LOCAL,"Embedding (max_top_words=500, max_opinion_length=50, embedding_vector_lengths=400, units=64, epochs=10, nobs=0)",jovyan
83,2b1f7d6d7b144d86a3904923d9b3dfcb,2,FINISHED,file:///home/jovyan/nlp2/shared-mlruns/team-three/mariusz/2/2b1f7d6d7b144d86a3904923d9b3dfcb/artifacts,2021-10-10 00:40:15.421000+00:00,2021-10-10 00:42:48.002000+00:00,0.8776916861534119,0.7767131328582764,0.6573913097381592,0.6521739363670349,0.7169665098190308,0.6364500522613525,0.6629616022109985,0.6762096285820007,0.7169665098190308,0.7150470018386841,0.7169665098190308,0.7150470018386841,151.60221886634827,0.6364500522613525,0.6762096285820007,0.6629616022109985,0.6954588890075684,0.7214671969413757,50,"Embedding (max_top_words=500, max_opinion_length=50, embedding_vector_lengths=400, units=32, epochs=10, nobs=0)",32,10,0,500,/opt/conda/lib/python3.8/site-packages/ipykernel_launcher.py,LOCAL,"Embedding (max_top_words=500, max_opinion_length=50, embedding_vector_lengths=400, units=32, epochs=10, nobs=0)",jovyan
84,03c3712a00f144149f23ea7c651c6adb,2,FINISHED,file:///home/jovyan/nlp2/shared-mlruns/team-three/mariusz/2/03c3712a00f144149f23ea7c651c6adb/artifacts,2021-10-10 00:27:13.512000+00:00,2021-10-10 00:40:14.145000+00:00,0.7996355891227722,0.7912834882736206,0.730434775352478,0.730434775352478,0.7514026165008545,0.7109994888305664,0.6937978267669678,0.7376826405525208,0.7514026165008545,0.7390213012695312,0.7514026165008545,0.7390213012695312,778.908013343811,0.7109994888305664,0.7376826405525208,0.6937978267669678,0.6328607201576233,0.7666179537773132,60,"Embedding (max_top_words=500, max_opinion_length=60, embedding_vector_lengths=500, units=64, epochs=10, nobs=2)",64,10,2,500,/opt/conda/lib/python3.8/site-packages/ipykernel_launcher.py,LOCAL,"Embedding (max_top_words=500, max_opinion_length=60, embedding_vector_lengths=500, units=64, epochs=10, nobs=2)",jovyan
85,ef60c3886036493ebd0a12aa89cc1036,2,FINISHED,file:///home/jovyan/nlp2/shared-mlruns/team-three/mariusz/2/ef60c3886036493ebd0a12aa89cc1036/artifacts,2021-10-10 00:17:31.663000+00:00,2021-10-10 00:27:12.280000+00:00,0.7603777050971985,0.7883227467536926,0.7060869336128235,0.7008695602416992,0.7320564985275269,0.6493882536888123,0.6591160893440247,0.6965633034706116,0.7320564985275269,0.7167319059371948,0.7320564985275269,0.7167319059371948,578.6647925376892,0.6493882536888123,0.6997043490409851,0.6591160893440247,0.6646618843078613,0.751286506652832,60,"Embedding (max_top_words=500, max_opinion_length=60, embedding_vector_lengths=500, units=32, epochs=10, nobs=2)",32,10,2,500,/opt/conda/lib/python3.8/site-packages/ipykernel_launcher.py,LOCAL,"Embedding (max_top_words=500, max_opinion_length=60, embedding_vector_lengths=500, units=32, epochs=10, nobs=2)",jovyan
86,f651e3fb6be549a1a262b42d0d8d6761,2,FINISHED,file:///home/jovyan/nlp2/shared-mlruns/team-three/mariusz/2/f651e3fb6be549a1a262b42d0d8d6761/artifacts,2021-10-10 00:05:14.421000+00:00,2021-10-10 00:17:30.237000+00:00,0.771430253982544,0.7852103114128113,0.7269565463066101,0.7217391133308411,0.7365061044692993,0.7031869888305664,0.6796799302101135,0.7356996536254883,0.7365061044692993,0.7285194993019104,0.7365061044692993,0.7285194993019104,733.8770413398743,0.7031869888305664,0.7356996536254883,0.6796799302101135,0.6434764862060547,0.771430253982544,60,"Embedding (max_top_words=500, max_opinion_length=60, embedding_vector_lengths=400, units=64, epochs=10, nobs=2)",64,10,2,500,/opt/conda/lib/python3.8/site-packages/ipykernel_launcher.py,LOCAL,"Embedding (max_top_words=500, max_opinion_length=60, embedding_vector_lengths=400, units=64, epochs=10, nobs=2)",jovyan
87,ab05486cc82b4e16a2866b31c27d6298,2,FINISHED,file:///home/jovyan/nlp2/shared-mlruns/team-three/mariusz/2/ab05486cc82b4e16a2866b31c27d6298/artifacts,2021-10-09 23:55:59.450000+00:00,2021-10-10 00:05:13.117000+00:00,0.7712113261222839,0.7865739464759827,0.7095652222633362,0.7043478488922119,0.7351518869400024,0.6624917387962341,0.6622782945632935,0.6967853903770447,0.7351518869400024,0.7189770936965942,0.7351518869400024,0.7189770936965942,551.9120943546295,0.6624917387962341,0.7054205536842346,0.6622782945632935,0.6575520634651184,0.7352046370506287,60,"Embedding (max_top_words=500, max_opinion_length=60, embedding_vector_lengths=400, units=32, epochs=10, nobs=2)",32,10,2,500,/opt/conda/lib/python3.8/site-packages/ipykernel_launcher.py,LOCAL,"Embedding (max_top_words=500, max_opinion_length=60, embedding_vector_lengths=400, units=32, epochs=10, nobs=2)",jovyan
88,ba650800f31c44a9812e723df076d384,2,FINISHED,file:///home/jovyan/nlp2/shared-mlruns/team-three/mariusz/2/ba650800f31c44a9812e723df076d384/artifacts,2021-10-09 23:48:06.240000+00:00,2021-10-09 23:55:58.242000+00:00,0.7947493195533752,0.7920308113098145,0.7095652222633362,0.7095652222633362,0.7334107160568237,0.6519097685813904,0.6632691025733948,0.696068286895752,0.7334107160568237,0.7199971079826355,0.7334107160568237,0.7199971079826355,470.76860070228577,0.6519097685813904,0.696068286895752,0.6632691025733948,0.6444916129112244,0.7466769218444824,60,"Embedding (max_top_words=500, max_opinion_length=60, embedding_vector_lengths=500, units=64, epochs=10, nobs=1)",64,10,1,500,/opt/conda/lib/python3.8/site-packages/ipykernel_launcher.py,LOCAL,"Embedding (max_top_words=500, max_opinion_length=60, embedding_vector_lengths=500, units=64, epochs=10, nobs=1)",jovyan
89,8e72db7b373b4f8fb3068c4735d5f2ab,2,FINISHED,file:///home/jovyan/nlp2/shared-mlruns/team-three/mariusz/2/8e72db7b373b4f8fb3068c4735d5f2ab/artifacts,2021-10-09 23:42:08.200000+00:00,2021-10-09 23:48:05.039000+00:00,0.7693879008293152,0.7892072796821594,0.6886956691741943,0.6886956691741943,0.7289611101150513,0.6349826455116272,0.6447514295578003,0.6846725940704346,0.7289611101150513,0.709457516670227,0.7289611101150513,0.709457516670227,355.6252238750458,0.6349826455116272,0.6846725940704346,0.6447514295578003,0.6635778546333313,0.7428027987480164,60,"Embedding (max_top_words=500, max_opinion_length=60, embedding_vector_lengths=500, units=32, epochs=10, nobs=1)",32,10,1,500,/opt/conda/lib/python3.8/site-packages/ipykernel_launcher.py,LOCAL,"Embedding (max_top_words=500, max_opinion_length=60, embedding_vector_lengths=500, units=32, epochs=10, nobs=1)",jovyan
90,944e2f21bbfd4eecbaac18b12afe4550,2,FINISHED,file:///home/jovyan/nlp2/shared-mlruns/team-three/mariusz/2/944e2f21bbfd4eecbaac18b12afe4550/artifacts,2021-10-09 23:34:56.143000+00:00,2021-10-09 23:42:06.985000+00:00,0.7850208282470703,0.7850725054740906,0.6921738982200623,0.6852173805236816,0.7241246104240417,0.6178901791572571,0.6434683203697205,0.6721048355102539,0.7241246104240417,0.7055468559265137,0.7241246104240417,0.7055468559265137,429.6368463039398,0.6178901791572571,0.6739944815635681,0.6434683203697205,0.6671629548072815,0.7372284531593323,60,"Embedding (max_top_words=500, max_opinion_length=60, embedding_vector_lengths=400, units=64, epochs=10, nobs=1)",64,10,1,500,/opt/conda/lib/python3.8/site-packages/ipykernel_launcher.py,LOCAL,"Embedding (max_top_words=500, max_opinion_length=60, embedding_vector_lengths=400, units=64, epochs=10, nobs=1)",jovyan
91,4a5e88f86474418f99f8f0bf3f5f7ba2,2,FINISHED,file:///home/jovyan/nlp2/shared-mlruns/team-three/mariusz/2/4a5e88f86474418f99f8f0bf3f5f7ba2/artifacts,2021-10-09 23:29:32.413000+00:00,2021-10-09 23:34:54.891000+00:00,0.7519394755363464,0.7845472693443298,0.6817391514778137,0.6817391514778137,0.7179338335990906,0.6376695036888123,0.6391293406486511,0.6762455105781555,0.7179338335990906,0.7025310397148132,0.7179338335990906,0.7025310397148132,321.263338804245,0.6205770373344421,0.6787540316581726,0.6391293406486511,0.6737717986106873,0.7429198622703552,60,"Embedding (max_top_words=500, max_opinion_length=60, embedding_vector_lengths=400, units=32, epochs=10, nobs=1)",32,10,1,500,/opt/conda/lib/python3.8/site-packages/ipykernel_launcher.py,LOCAL,"Embedding (max_top_words=500, max_opinion_length=60, embedding_vector_lengths=400, units=32, epochs=10, nobs=1)",jovyan
92,7765291540164360a14b01546cd00a27,2,FINISHED,file:///home/jovyan/nlp2/shared-mlruns/team-three/mariusz/2/7765291540164360a14b01546cd00a27/artifacts,2021-10-09 23:25:16.270000+00:00,2021-10-09 23:29:31.137000+00:00,0.7634625434875488,0.7914313077926636,0.6660869717597961,0.6660869717597961,0.7283807396888733,0.6127645373344421,0.6553958654403687,0.6707103848457336,0.7283807396888733,0.716707170009613,0.7283807396888733,0.716707170009613,253.87681674957275,0.5983589291572571,0.6713075637817383,0.6553958654403687,0.6702440977096558,0.7634625434875488,60,"Embedding (max_top_words=500, max_opinion_length=60, embedding_vector_lengths=500, units=64, epochs=10, nobs=0)",64,10,0,500,/opt/conda/lib/python3.8/site-packages/ipykernel_launcher.py,LOCAL,"Embedding (max_top_words=500, max_opinion_length=60, embedding_vector_lengths=500, units=64, epochs=10, nobs=0)",jovyan
93,6e458f39ded64bf29e5bb06a93e1bfec,2,FINISHED,file:///home/jovyan/nlp2/shared-mlruns/team-three/mariusz/2/6e458f39ded64bf29e5bb06a93e1bfec/artifacts,2021-10-09 23:21:59.383000+00:00,2021-10-09 23:25:14.986000+00:00,0.8666666150093079,0.8002872467041016,0.6695652008056641,0.6695652008056641,0.7256723046302795,0.6180555820465088,0.643574595451355,0.6698870658874512,0.7256723046302795,0.712761640548706,0.7256723046302795,0.712761640548706,194.62535166740417,0.6180555820465088,0.6698870658874512,0.6430583000183105,0.6811975240707397,0.7321509718894958,60,"Embedding (max_top_words=500, max_opinion_length=60, embedding_vector_lengths=500, units=32, epochs=10, nobs=0)",32,10,0,500,/opt/conda/lib/python3.8/site-packages/ipykernel_launcher.py,LOCAL,"Embedding (max_top_words=500, max_opinion_length=60, embedding_vector_lengths=500, units=32, epochs=10, nobs=0)",jovyan
94,677a950c3c1d4e138d6a756d8124ef96,2,FINISHED,file:///home/jovyan/nlp2/shared-mlruns/team-three/mariusz/2/677a950c3c1d4e138d6a756d8124ef96/artifacts,2021-10-09 23:18:15.176000+00:00,2021-10-09 23:21:58.096000+00:00,0.7852485775947571,0.7991895079612732,0.6747826337814331,0.6747826337814331,0.7252853512763977,0.6194403171539307,0.6508290767669678,0.6686390042304993,0.7252853512763977,0.7131634950637817,0.7305088043212891,0.7171412110328674,221.9526424407959,0.5827339291572571,0.6866005063056946,0.6485134363174438,0.6752733588218689,0.7852485775947571,60,"Embedding (max_top_words=500, max_opinion_length=60, embedding_vector_lengths=400, units=64, epochs=10, nobs=0)",64,10,0,500,/opt/conda/lib/python3.8/site-packages/ipykernel_launcher.py,LOCAL,"Embedding (max_top_words=500, max_opinion_length=60, embedding_vector_lengths=400, units=64, epochs=10, nobs=0)",jovyan
95,5505c145921949e2baabf7f0d9a87522,2,FINISHED,file:///home/jovyan/nlp2/shared-mlruns/team-three/mariusz/2/5505c145921949e2baabf7f0d9a87522/artifacts,2021-10-09 23:15:24.814000+00:00,2021-10-09 23:18:13.885000+00:00,0.8363636136054993,0.8017855286598206,0.6539130210876465,0.6521739363670349,0.7202553749084473,0.5971395373344421,0.6326189041137695,0.6663818955421448,0.7202553749084473,0.7016987800598145,0.7202553749084473,0.7016987800598145,167.98770141601562,0.5971395373344421,0.6663818955421448,0.6307587623596191,0.6846807599067688,0.7544463276863098,60,"Embedding (max_top_words=500, max_opinion_length=60, embedding_vector_lengths=400, units=32, epochs=10, nobs=0)",32,10,0,500,/opt/conda/lib/python3.8/site-packages/ipykernel_launcher.py,LOCAL,"Embedding (max_top_words=500, max_opinion_length=60, embedding_vector_lengths=400, units=32, epochs=10, nobs=0)",jovyan
96,3be7db7510774ef0987584de5c6c8ee1,2,RUNNING,file:///home/jovyan/nlp2/shared-mlruns/team-three/mariusz/2/3be7db7510774ef0987584de5c6c8ee1/artifacts,2021-10-09 23:00:01.072000+00:00,,,,,,,,,,,,,,,,,,,,,,,,,,/opt/conda/lib/python3.8/site-packages/ipykernel_launcher.py,LOCAL,"Embedding (max_top_words=500, max_opinion_length=50, embedding_vector_lengths=400, units=32, epochs=10, nobs=1)",jovyan
97,c2eb4a50705147aab89e06721631ad53,2,FINISHED,file:///home/jovyan/nlp2/shared-mlruns/team-three/mariusz/2/c2eb4a50705147aab89e06721631ad53/artifacts,2021-10-09 22:56:33.265000+00:00,2021-10-09 22:59:59.895000+00:00,0.7759788036346436,0.7945380210876465,0.6973913311958313,0.6973913311958313,0.7455987334251404,0.6875619888305664,0.6759597063064575,0.722254753112793,0.7455987334251404,0.7302830219268799,0.7455987334251404,0.7302830219268799,205.76331090927124,0.6875619888305664,0.722254753112793,0.6759597063064575,0.6406246423721313,0.76075679063797,50,"Embedding (max_top_words=500, max_opinion_length=50, embedding_vector_lengths=500, units=64, epochs=10, nobs=0)",64,10,0,500,/opt/conda/lib/python3.8/site-packages/ipykernel_launcher.py,LOCAL,"Embedding (max_top_words=500, max_opinion_length=50, embedding_vector_lengths=500, units=64, epochs=10, nobs=0)",jovyan
98,543aa594e90945be930fbf21db5ea379,2,FINISHED,file:///home/jovyan/nlp2/shared-mlruns/team-three/mariusz/2/543aa594e90945be930fbf21db5ea379/artifacts,2021-10-09 22:53:49.955000+00:00,2021-10-09 22:56:32.058000+00:00,0.7734113335609436,0.7831041216850281,0.6695652008056641,0.6660869717597961,0.7239311337471008,0.6273354887962341,0.6534749865531921,0.6677911877632141,0.7239311337471008,0.7122323513031006,0.7239311337471008,0.7122323513031006,161.24889469146729,0.6076388955116272,0.678895890712738,0.6534749865531921,0.6900607347488403,0.7414153218269348,50,"Embedding (max_top_words=500, max_opinion_length=50, embedding_vector_lengths=500, units=32, epochs=10, nobs=0)",32,10,0,500,/opt/conda/lib/python3.8/site-packages/ipykernel_launcher.py,LOCAL,"Embedding (max_top_words=500, max_opinion_length=50, embedding_vector_lengths=500, units=32, epochs=10, nobs=0)",jovyan
99,7f84ef90fa0f4358ac49843b9f8744e4,2,FINISHED,file:///home/jovyan/nlp2/shared-mlruns/team-three/mariusz/2/7f84ef90fa0f4358ac49843b9f8744e4/artifacts,2021-10-09 22:50:38.349000+00:00,2021-10-09 22:53:48.762000+00:00,0.7797307968139648,0.7944773435592651,0.6747826337814331,0.6730434894561768,0.7328303456306458,0.6089410185813904,0.6527498960494995,0.6719196438789368,0.7328303456306458,0.7165420651435852,0.7328303456306458,0.7165420651435852,189.49331331253052,0.5906291604042053,0.6719196438789368,0.6527498960494995,0.6570858359336853,0.7797307968139648,50,"Embedding (max_top_words=500, max_opinion_length=50, embedding_vector_lengths=400, units=64, epochs=10, nobs=0)",64,10,0,500,/opt/conda/lib/python3.8/site-packages/ipykernel_launcher.py,LOCAL,"Embedding (max_top_words=500, max_opinion_length=50, embedding_vector_lengths=400, units=64, epochs=10, nobs=0)",jovyan
100,67b7b30a32ae4c43afac806c53a114c0,2,FINISHED,file:///home/jovyan/nlp2/shared-mlruns/team-three/mariusz/2/67b7b30a32ae4c43afac806c53a114c0/artifacts,2021-10-09 22:48:11.209000+00:00,2021-10-09 22:50:37.202000+00:00,0.8776916861534119,0.7767131328582764,0.6573913097381592,0.6521739363670349,0.7169665098190308,0.6364500522613525,0.6629616022109985,0.6762096285820007,0.7169665098190308,0.7150470018386841,0.7169665098190308,0.7150470018386841,145.1115438938141,0.6364500522613525,0.6762096285820007,0.6629616022109985,0.6954588890075684,0.7214671969413757,50,"Embedding (max_top_words=500, max_opinion_length=50, embedding_vector_lengths=400, units=32, epochs=10, nobs=0)",32,10,0,500,/opt/conda/lib/python3.8/site-packages/ipykernel_launcher.py,LOCAL,"Embedding (max_top_words=500, max_opinion_length=50, embedding_vector_lengths=400, units=32, epochs=10, nobs=0)",jovyan
101,68d8c74e95dc4858a6560d813b27c177,2,FINISHED,file:///home/jovyan/nlp2/shared-mlruns/team-three/mariusz/2/68d8c74e95dc4858a6560d813b27c177/artifacts,2021-10-09 22:35:27.601000+00:00,2021-10-09 22:48:10.032000+00:00,0.7996355891227722,0.7912834882736206,0.730434775352478,0.730434775352478,0.7514026165008545,0.7109994888305664,0.6937978267669678,0.7376826405525208,0.7514026165008545,0.7390213012695312,0.7514026165008545,0.7390213012695312,760.9018256664276,0.7109994888305664,0.7376826405525208,0.6937978267669678,0.6328607201576233,0.7666179537773132,60,"Embedding (max_top_words=500, max_opinion_length=60, embedding_vector_lengths=500, units=64, epochs=10, nobs=2)",64,10,2,500,/opt/conda/lib/python3.8/site-packages/ipykernel_launcher.py,LOCAL,"Embedding (max_top_words=500, max_opinion_length=60, embedding_vector_lengths=500, units=64, epochs=10, nobs=2)",jovyan
102,57024f4be6ce4a619480cc24b60a2850,2,FINISHED,file:///home/jovyan/nlp2/shared-mlruns/team-three/mariusz/2/57024f4be6ce4a619480cc24b60a2850/artifacts,2021-10-09 22:26:20.068000+00:00,2021-10-09 22:35:26.319000+00:00,0.7603777050971985,0.7883227467536926,0.7060869336128235,0.7008695602416992,0.7320564985275269,0.6493882536888123,0.6591160893440247,0.6965633034706116,0.7320564985275269,0.7167319059371948,0.7320564985275269,0.7167319059371948,544.7588412761688,0.6493882536888123,0.6997043490409851,0.6591160893440247,0.6646618843078613,0.751286506652832,60,"Embedding (max_top_words=500, max_opinion_length=60, embedding_vector_lengths=500, units=32, epochs=10, nobs=2)",32,10,2,500,/opt/conda/lib/python3.8/site-packages/ipykernel_launcher.py,LOCAL,"Embedding (max_top_words=500, max_opinion_length=60, embedding_vector_lengths=500, units=32, epochs=10, nobs=2)",jovyan
103,5c3395e9b90442238e16edfdbf02359f,2,FINISHED,file:///home/jovyan/nlp2/shared-mlruns/team-three/mariusz/2/5c3395e9b90442238e16edfdbf02359f/artifacts,2021-10-09 22:14:31.952000+00:00,2021-10-09 22:26:18.822000+00:00,0.771430253982544,0.7852103114128113,0.7269565463066101,0.7217391133308411,0.7365061044692993,0.7031869888305664,0.6796799302101135,0.7356996536254883,0.7365061044692993,0.7285194993019104,0.7365061044692993,0.7285194993019104,705.4017207622528,0.7031869888305664,0.7356996536254883,0.6796799302101135,0.6434764862060547,0.771430253982544,60,"Embedding (max_top_words=500, max_opinion_length=60, embedding_vector_lengths=400, units=64, epochs=10, nobs=2)",64,10,2,500,/opt/conda/lib/python3.8/site-packages/ipykernel_launcher.py,LOCAL,"Embedding (max_top_words=500, max_opinion_length=60, embedding_vector_lengths=400, units=64, epochs=10, nobs=2)",jovyan
104,4cdce4eb04b94d839d03c3ba0d3514d7,2,FINISHED,file:///home/jovyan/nlp2/shared-mlruns/team-three/mariusz/2/4cdce4eb04b94d839d03c3ba0d3514d7/artifacts,2021-10-09 22:06:11.483000+00:00,2021-10-09 22:14:30.757000+00:00,0.7712113261222839,0.7865739464759827,0.7095652222633362,0.7043478488922119,0.7351518869400024,0.6624917387962341,0.6622782945632935,0.6967853903770447,0.7351518869400024,0.7189770936965942,0.7351518869400024,0.7189770936965942,497.705274105072,0.6624917387962341,0.7054205536842346,0.6622782945632935,0.6575520634651184,0.7352046370506287,60,"Embedding (max_top_words=500, max_opinion_length=60, embedding_vector_lengths=400, units=32, epochs=10, nobs=2)",32,10,2,500,/opt/conda/lib/python3.8/site-packages/ipykernel_launcher.py,LOCAL,"Embedding (max_top_words=500, max_opinion_length=60, embedding_vector_lengths=400, units=32, epochs=10, nobs=2)",jovyan
105,9ebd9b7997c54dec8f3e0b7babbe624e,2,FINISHED,file:///home/jovyan/nlp2/shared-mlruns/team-three/mariusz/2/9ebd9b7997c54dec8f3e0b7babbe624e/artifacts,2021-10-09 21:58:44.396000+00:00,2021-10-09 22:06:10.302000+00:00,0.7947493195533752,0.7920308113098145,0.7095652222633362,0.7095652222633362,0.7334107160568237,0.6519097685813904,0.6632691025733948,0.696068286895752,0.7334107160568237,0.7199971079826355,0.7334107160568237,0.7199971079826355,444.7887260913849,0.6519097685813904,0.696068286895752,0.6632691025733948,0.6444916129112244,0.7466769218444824,60,"Embedding (max_top_words=500, max_opinion_length=60, embedding_vector_lengths=500, units=64, epochs=10, nobs=1)",64,10,1,500,/opt/conda/lib/python3.8/site-packages/ipykernel_launcher.py,LOCAL,"Embedding (max_top_words=500, max_opinion_length=60, embedding_vector_lengths=500, units=64, epochs=10, nobs=1)",jovyan
106,6e0445078ecf43f9aa467372298d6479,2,FINISHED,file:///home/jovyan/nlp2/shared-mlruns/team-three/mariusz/2/6e0445078ecf43f9aa467372298d6479/artifacts,2021-10-09 21:52:37.918000+00:00,2021-10-09 21:58:43.197000+00:00,0.7693879008293152,0.7892072796821594,0.6886956691741943,0.6886956691741943,0.7289611101150513,0.6349826455116272,0.6447514295578003,0.6846725940704346,0.7289611101150513,0.709457516670227,0.7289611101150513,0.709457516670227,364.06084299087524,0.6349826455116272,0.6846725940704346,0.6447514295578003,0.6635778546333313,0.7428027987480164,60,"Embedding (max_top_words=500, max_opinion_length=60, embedding_vector_lengths=500, units=32, epochs=10, nobs=1)",32,10,1,500,/opt/conda/lib/python3.8/site-packages/ipykernel_launcher.py,LOCAL,"Embedding (max_top_words=500, max_opinion_length=60, embedding_vector_lengths=500, units=32, epochs=10, nobs=1)",jovyan
107,691f0a87a3f54ed8bdbce2b3eb990aad,2,FINISHED,file:///home/jovyan/nlp2/shared-mlruns/team-three/mariusz/2/691f0a87a3f54ed8bdbce2b3eb990aad/artifacts,2021-10-09 21:45:35.056000+00:00,2021-10-09 21:52:36.718000+00:00,0.7850208282470703,0.7850725054740906,0.6921738982200623,0.6852173805236816,0.7241246104240417,0.6178901791572571,0.6434683203697205,0.6721048355102539,0.7241246104240417,0.7055468559265137,0.7241246104240417,0.7055468559265137,420.5035798549652,0.6178901791572571,0.6739944815635681,0.6434683203697205,0.6671629548072815,0.7372284531593323,60,"Embedding (max_top_words=500, max_opinion_length=60, embedding_vector_lengths=400, units=64, epochs=10, nobs=1)",64,10,1,500,/opt/conda/lib/python3.8/site-packages/ipykernel_launcher.py,LOCAL,"Embedding (max_top_words=500, max_opinion_length=60, embedding_vector_lengths=400, units=64, epochs=10, nobs=1)",jovyan
108,474dd7b089594cd682997ce8414a8bd9,2,FINISHED,file:///home/jovyan/nlp2/shared-mlruns/team-three/mariusz/2/474dd7b089594cd682997ce8414a8bd9/artifacts,2021-10-09 21:40:29.649000+00:00,2021-10-09 21:45:33.847000+00:00,0.7519394755363464,0.7845472693443298,0.6817391514778137,0.6817391514778137,0.7179338335990906,0.6376695036888123,0.6391293406486511,0.6762455105781555,0.7179338335990906,0.7025310397148132,0.7179338335990906,0.7025310397148132,303.14752674102783,0.6205770373344421,0.6787540316581726,0.6391293406486511,0.6737717986106873,0.7429198622703552,60,"Embedding (max_top_words=500, max_opinion_length=60, embedding_vector_lengths=400, units=32, epochs=10, nobs=1)",32,10,1,500,/opt/conda/lib/python3.8/site-packages/ipykernel_launcher.py,LOCAL,"Embedding (max_top_words=500, max_opinion_length=60, embedding_vector_lengths=400, units=32, epochs=10, nobs=1)",jovyan
109,953d07b6068b48658e1aba5a355731b7,2,FINISHED,file:///home/jovyan/nlp2/shared-mlruns/team-three/mariusz/2/953d07b6068b48658e1aba5a355731b7/artifacts,2021-10-09 21:36:33.589000+00:00,2021-10-09 21:40:28.427000+00:00,0.7634625434875488,0.7914313077926636,0.6660869717597961,0.6660869717597961,0.7283807396888733,0.6127645373344421,0.6553958654403687,0.6707103848457336,0.7283807396888733,0.716707170009613,0.7283807396888733,0.716707170009613,233.89176201820374,0.5983589291572571,0.6713075637817383,0.6553958654403687,0.6702440977096558,0.7634625434875488,60,"Embedding (max_top_words=500, max_opinion_length=60, embedding_vector_lengths=500, units=64, epochs=10, nobs=0)",64,10,0,500,/opt/conda/lib/python3.8/site-packages/ipykernel_launcher.py,LOCAL,"Embedding (max_top_words=500, max_opinion_length=60, embedding_vector_lengths=500, units=64, epochs=10, nobs=0)",jovyan
110,b187faed7efd403d94b583ba9643f15a,2,FINISHED,file:///home/jovyan/nlp2/shared-mlruns/team-three/mariusz/2/b187faed7efd403d94b583ba9643f15a/artifacts,2021-10-09 21:33:32.937000+00:00,2021-10-09 21:36:32.396000+00:00,0.8666666150093079,0.8002872467041016,0.6695652008056641,0.6695652008056641,0.7256723046302795,0.6180555820465088,0.643574595451355,0.6698870658874512,0.7256723046302795,0.712761640548706,0.7256723046302795,0.712761640548706,178.47417521476746,0.6180555820465088,0.6698870658874512,0.6430583000183105,0.6811975240707397,0.7321509718894958,60,"Embedding (max_top_words=500, max_opinion_length=60, embedding_vector_lengths=500, units=32, epochs=10, nobs=0)",32,10,0,500,/opt/conda/lib/python3.8/site-packages/ipykernel_launcher.py,LOCAL,"Embedding (max_top_words=500, max_opinion_length=60, embedding_vector_lengths=500, units=32, epochs=10, nobs=0)",jovyan
111,d6faa2a681244b02a8252b9f48368895,2,FINISHED,file:///home/jovyan/nlp2/shared-mlruns/team-three/mariusz/2/d6faa2a681244b02a8252b9f48368895/artifacts,2021-10-09 21:29:57.184000+00:00,2021-10-09 21:33:31.747000+00:00,0.7852485775947571,0.7991895079612732,0.6747826337814331,0.6747826337814331,0.7252853512763977,0.6194403171539307,0.6508290767669678,0.6686390042304993,0.7252853512763977,0.7131634950637817,0.7305088043212891,0.7171412110328674,213.6853950023651,0.5827339291572571,0.6866005063056946,0.6485134363174438,0.6752733588218689,0.7852485775947571,60,"Embedding (max_top_words=500, max_opinion_length=60, embedding_vector_lengths=400, units=64, epochs=10, nobs=0)",64,10,0,500,/opt/conda/lib/python3.8/site-packages/ipykernel_launcher.py,LOCAL,"Embedding (max_top_words=500, max_opinion_length=60, embedding_vector_lengths=400, units=64, epochs=10, nobs=0)",jovyan
112,ddb4c7e3509a46589783a0faf7258e23,2,FINISHED,file:///home/jovyan/nlp2/shared-mlruns/team-three/mariusz/2/ddb4c7e3509a46589783a0faf7258e23/artifacts,2021-10-09 21:27:09.655000+00:00,2021-10-09 21:29:55.966000+00:00,0.8363636136054993,0.8017855286598206,0.6539130210876465,0.6521739363670349,0.7202553749084473,0.5971395373344421,0.6326189041137695,0.6663818955421448,0.7202553749084473,0.7016987800598145,0.7202553749084473,0.7016987800598145,165.3007309436798,0.5971395373344421,0.6663818955421448,0.6307587623596191,0.6846807599067688,0.7544463276863098,60,"Embedding (max_top_words=500, max_opinion_length=60, embedding_vector_lengths=400, units=32, epochs=10, nobs=0)",32,10,0,500,/opt/conda/lib/python3.8/site-packages/ipykernel_launcher.py,LOCAL,"Embedding (max_top_words=500, max_opinion_length=60, embedding_vector_lengths=400, units=32, epochs=10, nobs=0)",jovyan
